1,28,2022-01-03,17:11:00,17:36:00,7
2,24,2022-01-03,18:03:00,20:03:00,28
3,8,2022-01-03,14:34:00,18:39:00,29
4,14,2022-01-03,11:52:00,14:57:00,32
5,5,2022-01-04,18:49:00,21:09:00,30
6,29,2022-01-04,07:42:00,09:47:00,27
7,11,2022-01-04,17:16:00,19:16:00,26
8,7,2022-01-04,22:11:00,22:41:00,33
9,18,2022-01-05,14:38:00,21:03:00,28
10,30,2022-01-05,14:56:00,19:06:00,19
11,16,2022-01-07,07:06:00,09:31:00,27
12,8,2022-01-07,16:07:00,17:37:00,7
13,27,2022-01-07,08:44:00,12:49:00,17
14,9,2022-01-07,11:47:00,12:17:00,17
15,11,2022-01-07,10:42:00,11:42:00,26
16,17,2022-01-10,16:27:00,17:12:00,15
17,5,2022-01-10,07:48:00,11:18:00,17
18,26,2022-01-10,07:52:00,11:42:00,15
19,24,2022-01-11,10:49:00,13:34:00,27
20,11,2022-01-11,09:57:00,14:52:00,33
21,31,2022-01-13,14:15:00,18:05:00,26
22,11,2022-01-14,11:03:00,11:18:00,27
23,15,2022-01-14,18:14:00,22:24:00,10
24,27,2022-01-18,18:08:00,18:38:00,26
25,12,2022-01-18,15:16:00,18:56:00,26
26,13,2022-01-18,12:57:00,14:57:00,25
27,13,2022-01-18,16:07:00,20:22:00,29
28,5,2022-01-20,07:07:00,08:07:00,26
29,10,2022-01-20,16:26:00,20:26:00,27
30,34,2022-01-20,19:38:00,20:38:00,26
31,25,2022-01-20,11:49:00,16:54:00,27
32,23,2022-01-21,18:13:00,19:58:00,10
33,1,2022-01-21,06:01:00,06:46:00,3
34,18,2022-01-21,11:26:00,15:01:00,35
35,13,2022-01-21,17:40:00,21:40:00,31
36,5,2022-01-24,17:03:00,21:33:00,27
37,26,2022-01-24,12:46:00,14:51:00,1
38,26,2022-01-25,16:43:00,19:48:00,5
39,30,2022-01-25,11:36:00,18:36:00,30
40,31,2022-01-25,10:12:00,11:12:00,27
41,24,2022-01-25,20:54:00,22:49:00,26
42,15,2022-01-25,08:36:00,09:51:00,27
43,25,2022-01-26,12:08:00,16:33:00,25
44,1,2022-01-27,10:35:00,11:50:00,29
45,10,2022-01-31,13:06:00,17:36:00,29
46,21,2022-01-31,11:33:00,14:43:00,29
47,8,2022-02-03,11:49:00,14:49:00,16
48,27,2022-02-03,08:21:00,11:51:00,33
49,34,2022-02-04,19:34:00,19:59:00,27
50,1,2022-02-07,11:24:00,14:59:00,31
51,24,2022-02-07,10:59:00,13:14:00,33
52,17,2022-02-07,11:46:00,12:46:00,29
53,26,2022-02-07,18:43:00,22:13:00,27
54,3,2022-02-08,19:26:00,21:46:00,27
55,25,2022-02-08,07:36:00,08:36:00,28
56,12,2022-02-09,16:21:00,19:11:00,28
57,23,2022-02-09,09:34:00,10:14:00,28
58,18,2022-02-09,12:32:00,15:02:00,27
59,4,2022-02-09,16:19:00,17:34:00,27
60,4,2022-02-10,14:59:00,18:04:00,26
61,6,2022-02-10,06:13:00,07:13:00,29
62,21,2022-02-10,16:51:00,18:16:00,3
63,22,2022-02-11,06:37:00,10:12:00,26
64,30,2022-02-11,06:14:00,06:39:00,1
65,28,2022-02-11,07:01:00,09:06:00,11
66,23,2022-02-11,20:38:00,22:48:00,29
67,3,2022-02-11,06:09:00,06:24:00,10
68,17,2022-02-14,07:57:00,12:12:00,31
69,24,2022-02-14,10:52:00,11:07:00,26
70,29,2022-02-14,07:06:00,10:06:00,36
71,26,2022-02-14,19:01:00,19:31:00,29
72,19,2022-02-15,16:02:00,16:47:00,26
73,3,2022-02-15,14:00:00,16:10:00,29
74,22,2022-02-16,14:00:00,17:15:00,29
75,28,2022-02-16,20:35:00,22:45:00,10
76,34,2022-02-16,14:32:00,17:17:00,21
77,20,2022-02-16,15:18:00,19:43:00,27
78,18,2022-02-17,10:48:00,16:08:00,31
79,22,2022-02-17,13:10:00,13:55:00,32
80,12,2022-02-18,19:33:00,21:48:00,26
81,15,2022-02-18,12:18:00,15:18:00,25
82,1,2022-02-18,11:24:00,14:54:00,32
83,33,2022-02-18,15:43:00,18:03:00,14
84,18,2022-02-18,08:50:00,14:20:00,30
85,6,2022-02-23,09:54:00,12:54:00,34
86,33,2022-02-23,19:29:00,20:29:00,36
87,10,2022-02-23,18:33:00,20:48:00,4
88,17,2022-02-23,07:58:00,12:53:00,4
89,9,2022-02-24,16:25:00,17:40:00,27
90,14,2022-02-24,14:44:00,17:24:00,15
91,32,2022-02-24,14:54:00,16:24:00,28
92,6,2022-02-24,18:29:00,20:49:00,26
93,23,2022-02-24,14:55:00,15:55:00,34
94,23,2022-02-25,18:00:00,22:00:00,26
95,2,2022-02-28,12:53:00,15:53:00,35
96,5,2022-03-01,07:08:00,11:43:00,19
97,21,2022-03-01,16:49:00,17:19:00,26
98,24,2022-03-01,06:43:00,09:13:00,33
99,5,2022-03-02,20:15:00,21:15:00,22
100,15,2022-03-03,10:38:00,12:43:00,10
101,32,2022-03-03,06:30:00,09:05:00,26
102,15,2022-03-03,21:52:00,22:52:00,33
103,25,2022-03-03,18:43:00,19:13:00,27
104,30,2022-03-03,11:15:00,16:20:00,27
105,15,2022-03-04,06:58:00,09:38:00,23
106,28,2022-03-04,16:48:00,18:58:00,27
107,4,2022-03-04,14:38:00,16:58:00,10
108,34,2022-03-04,06:32:00,08:32:00,18
109,12,2022-03-04,17:47:00,18:32:00,35
110,8,2022-03-07,08:46:00,12:41:00,27
111,28,2022-03-07,06:07:00,08:42:00,26
112,15,2022-03-07,10:38:00,14:48:00,26
113,23,2022-03-07,10:17:00,13:32:00,5
114,11,2022-03-08,15:25:00,17:05:00,24
115,23,2022-03-08,10:12:00,13:47:00,26
116,16,2022-03-09,12:41:00,13:11:00,27
117,30,2022-03-09,14:27:00,16:57:00,12
118,32,2022-03-09,11:40:00,16:00:00,27
119,14,2022-03-09,20:23:00,20:53:00,27
120,12,2022-03-10,14:15:00,18:20:00,29
121,29,2022-03-11,08:38:00,09:08:00,17
122,13,2022-03-11,07:18:00,09:38:00,29
123,7,2022-03-11,08:24:00,13:44:00,27
124,16,2022-03-11,09:10:00,10:10:00,26
125,19,2022-03-15,21:40:00,21:55:00,27
126,23,2022-03-15,10:32:00,14:52:00,27
127,19,2022-03-16,06:29:00,09:34:00,5
128,9,2022-03-16,08:59:00,10:24:00,29
129,28,2022-03-16,10:38:00,14:23:00,36
130,26,2022-03-17,13:21:00,15:26:00,20
131,2,2022-03-17,17:03:00,18:18:00,17
132,21,2022-03-17,10:14:00,12:19:00,25
133,32,2022-03-17,15:11:00,19:16:00,26
134,34,2022-03-17,07:54:00,11:04:00,27
135,32,2022-03-18,16:22:00,18:32:00,13
136,33,2022-03-18,11:25:00,15:35:00,27
137,7,2022-03-21,06:39:00,09:34:00,12
138,26,2022-03-21,08:59:00,10:54:00,9
139,18,2022-03-21,18:48:00,19:48:00,27
140,7,2022-03-21,17:18:00,22:43:00,33
141,17,2022-03-21,12:25:00,13:25:00,6
142,7,2022-03-22,10:34:00,13:54:00,21
143,33,2022-03-22,07:49:00,09:49:00,3
144,31,2022-03-22,06:08:00,06:23:00,13
145,12,2022-03-22,12:37:00,17:27:00,29
146,11,2022-03-23,13:19:00,14:49:00,26
147,6,2022-03-23,19:50:00,21:55:00,29
148,12,2022-03-23,17:47:00,19:42:00,19
149,11,2022-03-23,06:25:00,08:55:00,35
150,29,2022-03-23,19:20:00,21:50:00,4
151,22,2022-03-24,11:42:00,15:07:00,36
152,16,2022-03-25,19:45:00,22:05:00,18
153,17,2022-03-25,17:43:00,21:53:00,27
154,24,2022-03-25,06:20:00,07:05:00,31
155,2,2022-03-25,17:49:00,21:54:00,27
156,17,2022-03-28,13:53:00,18:33:00,28
157,1,2022-03-28,10:33:00,13:18:00,26
158,18,2022-03-28,06:47:00,08:47:00,22
159,18,2022-03-28,13:31:00,14:31:00,11
160,7,2022-03-28,10:29:00,10:44:00,10
161,25,2022-03-29,11:40:00,15:30:00,26
162,21,2022-03-29,20:13:00,21:38:00,31
163,26,2022-03-30,16:08:00,17:38:00,33
164,3,2022-03-31,18:20:00,18:45:00,35
165,5,2022-03-31,21:59:00,22:29:00,28
166,17,2022-03-31,18:04:00,20:29:00,32
167,5,2022-04-01,12:48:00,14:53:00,26
168,34,2022-04-01,06:58:00,09:03:00,27
169,22,2022-04-01,20:46:00,21:26:00,15
170,7,2022-04-04,20:01:00,22:16:00,26
171,7,2022-04-04,10:38:00,13:43:00,27
172,3,2022-04-04,09:43:00,11:13:00,27
173,17,2022-04-04,14:25:00,17:35:00,25
174,30,2022-04-06,11:46:00,16:31:00,5
175,29,2022-04-06,11:24:00,13:49:00,34
176,17,2022-04-07,07:56:00,09:11:00,26
177,4,2022-04-07,19:14:00,22:49:00,28
178,17,2022-04-07,16:52:00,20:07:00,30
179,6,2022-04-08,07:12:00,07:27:00,30
180,12,2022-04-08,07:51:00,10:51:00,25
181,14,2022-04-08,15:03:00,20:18:00,30
182,14,2022-04-11,11:54:00,12:24:00,26
183,8,2022-04-11,12:38:00,17:43:00,26
184,18,2022-04-12,19:33:00,20:33:00,26
185,13,2022-04-12,11:18:00,11:33:00,17
186,10,2022-04-13,15:53:00,18:13:00,29
187,3,2022-04-13,15:15:00,16:30:00,11
188,7,2022-04-13,09:46:00,16:11:00,27
189,4,2022-04-13,18:14:00,22:19:00,11
190,3,2022-04-14,06:33:00,06:48:00,26
191,1,2022-04-14,13:42:00,14:12:00,26
192,5,2022-04-19,07:46:00,09:51:00,11
193,30,2022-04-19,06:55:00,12:30:00,26
194,13,2022-04-19,18:03:00,21:03:00,30
195,3,2022-04-19,09:25:00,16:25:00,13
196,7,2022-04-20,07:39:00,10:39:00,4
197,26,2022-04-20,21:50:00,22:50:00,5
198,20,2022-04-20,11:00:00,11:25:00,27
199,25,2022-04-21,15:12:00,15:27:00,27
200,31,2022-04-21,06:03:00,08:58:00,25
201,2,2022-04-25,12:53:00,16:03:00,25
202,7,2022-04-25,18:30:00,21:00:00,7
203,13,2022-04-25,10:49:00,12:49:00,12
204,6,2022-04-25,13:12:00,14:42:00,27
205,20,2022-04-25,19:07:00,20:17:00,19
206,16,2022-04-27,06:56:00,07:11:00,27
207,3,2022-04-28,15:43:00,17:58:00,24
208,34,2022-04-29,14:12:00,14:52:00,3
209,28,2022-04-29,10:44:00,15:54:00,27
210,25,2022-04-29,07:57:00,11:17:00,35
211,11,2022-04-29,18:39:00,18:54:00,28
212,24,2022-04-29,13:19:00,13:34:00,26
213,8,2022-05-02,13:23:00,16:23:00,27
214,18,2022-05-04,08:53:00,12:13:00,31
215,14,2022-05-04,09:35:00,12:15:00,21
216,28,2022-05-04,06:16:00,12:46:00,1
217,24,2022-05-04,07:05:00,07:50:00,23
218,26,2022-05-05,06:03:00,08:13:00,27
219,13,2022-05-05,06:05:00,07:35:00,30
220,25,2022-05-05,06:04:00,07:49:00,31
221,6,2022-05-05,19:59:00,21:59:00,23
222,15,2022-05-05,18:53:00,20:03:00,23
223,30,2022-05-06,08:13:00,13:28:00,27
224,13,2022-05-06,19:29:00,21:34:00,27
225,20,2022-05-06,13:09:00,14:09:00,26
226,7,2022-05-09,19:05:00,20:20:00,26
227,12,2022-05-09,10:31:00,14:26:00,35
228,16,2022-05-09,14:30:00,19:20:00,28
229,1,2022-05-09,11:48:00,14:48:00,27
230,11,2022-05-10,19:26:00,22:26:00,26
231,26,2022-05-10,17:39:00,18:04:00,33
232,7,2022-05-10,11:12:00,13:42:00,34
233,10,2022-05-11,06:24:00,11:29:00,8
234,16,2022-05-13,17:41:00,19:06:00,26
235,33,2022-05-13,15:33:00,19:53:00,27
236,32,2022-05-13,18:03:00,22:38:00,27
237,28,2022-05-13,13:39:00,18:19:00,17
238,19,2022-05-16,19:39:00,19:54:00,26
239,20,2022-05-16,19:49:00,21:19:00,28
240,7,2022-05-17,18:45:00,20:50:00,27
241,2,2022-05-17,18:22:00,20:22:00,8
242,2,2022-05-18,18:03:00,20:53:00,26
243,21,2022-05-19,09:53:00,12:43:00,26
244,21,2022-05-19,07:31:00,08:01:00,27
245,15,2022-05-19,07:23:00,07:53:00,30
246,30,2022-05-20,11:49:00,14:19:00,35
247,11,2022-05-24,19:05:00,19:20:00,26
248,5,2022-05-25,10:25:00,11:20:00,29
249,32,2022-05-25,06:07:00,08:52:00,24
250,26,2022-05-25,12:47:00,18:22:00,27
251,22,2022-05-25,17:48:00,21:33:00,35
252,33,2022-05-26,14:26:00,14:51:00,14
253,9,2022-05-26,09:11:00,12:11:00,33
254,2,2022-05-26,08:11:00,09:11:00,31
255,28,2022-05-26,18:27:00,20:52:00,31
256,14,2022-05-30,13:10:00,19:10:00,35
257,5,2022-05-31,08:45:00,10:40:00,27
258,30,2022-05-31,10:22:00,13:47:00,14
259,4,2022-05-31,16:47:00,19:32:00,17
260,3,2022-05-31,12:46:00,14:26:00,16
261,34,2022-05-31,14:30:00,16:15:00,26
262,21,2022-06-01,06:25:00,07:55:00,27
263,12,2022-06-01,07:09:00,07:54:00,27
264,13,2022-06-01,14:00:00,17:00:00,36
265,27,2022-06-02,20:57:00,21:57:00,29
266,24,2022-06-02,14:20:00,16:40:00,25
267,26,2022-06-03,06:15:00,07:45:00,27
268,17,2022-06-03,08:25:00,09:40:00,26
269,34,2022-06-06,13:54:00,14:54:00,31
270,11,2022-06-06,17:20:00,19:45:00,20
271,9,2022-06-06,16:11:00,21:06:00,23
272,22,2022-06-06,13:46:00,19:46:00,26
273,21,2022-06-06,06:07:00,06:47:00,25
274,30,2022-06-07,11:52:00,14:17:00,26
275,27,2022-06-07,19:04:00,19:19:00,26
276,6,2022-06-07,16:02:00,19:17:00,23
277,22,2022-06-07,15:09:00,19:14:00,25
278,23,2022-06-07,10:54:00,12:49:00,28
279,30,2022-06-09,17:48:00,18:03:00,23
280,6,2022-06-09,07:34:00,08:14:00,32
281,12,2022-06-09,10:13:00,14:18:00,27
282,19,2022-06-10,07:27:00,12:32:00,20
283,9,2022-06-10,06:12:00,09:57:00,14
284,1,2022-06-10,16:23:00,19:18:00,26
285,19,2022-06-13,15:10:00,16:25:00,30
286,31,2022-06-13,10:26:00,15:01:00,26
287,21,2022-06-13,14:01:00,16:21:00,27
288,12,2022-06-15,09:04:00,10:59:00,27
289,21,2022-06-16,16:19:00,18:34:00,26
290,29,2022-06-16,07:41:00,08:41:00,30
291,33,2022-06-16,15:47:00,21:12:00,29
292,8,2022-06-20,17:16:00,19:51:00,26
293,27,2022-06-20,18:38:00,20:38:00,5
294,3,2022-06-20,13:20:00,18:10:00,21
295,24,2022-06-20,12:40:00,13:10:00,22
296,4,2022-06-20,12:52:00,13:17:00,18
297,19,2022-06-21,10:46:00,11:11:00,16
298,24,2022-06-21,20:55:00,22:55:00,8
299,33,2022-06-23,15:13:00,20:18:00,34
300,17,2022-06-24,16:51:00,18:51:00,27
301,8,2022-06-24,06:56:00,09:31:00,16
302,10,2022-06-24,07:53:00,10:38:00,26
303,30,2022-06-24,08:02:00,13:27:00,32
304,22,2022-06-24,09:23:00,10:53:00,27
305,1,2022-06-27,16:55:00,19:20:00,16
306,13,2022-06-30,13:44:00,15:29:00,33
307,7,2022-06-30,13:00:00,18:25:00,28
308,4,2022-06-30,10:02:00,15:32:00,26
309,2,2022-07-04,06:26:00,11:26:00,30
310,16,2022-07-04,08:32:00,12:37:00,17
311,6,2022-07-04,12:00:00,13:00:00,26
312,27,2022-07-04,13:39:00,14:54:00,1
313,20,2022-07-04,11:59:00,16:54:00,34
314,14,2022-07-05,09:50:00,11:45:00,26
315,13,2022-07-05,13:29:00,17:39:00,32
316,28,2022-07-05,09:01:00,12:51:00,26
317,32,2022-07-06,17:41:00,21:01:00,12
318,22,2022-07-06,06:11:00,08:21:00,19
319,25,2022-07-06,11:54:00,16:54:00,13
320,13,2022-07-06,18:33:00,18:58:00,30
321,23,2022-07-06,15:54:00,17:19:00,27
322,6,2022-07-07,10:57:00,14:32:00,14
323,24,2022-07-07,11:21:00,14:11:00,34
324,17,2022-07-07,09:36:00,09:51:00,26
325,34,2022-07-07,15:28:00,17:08:00,26
326,14,2022-07-11,14:47:00,18:22:00,30
327,3,2022-07-12,16:29:00,17:59:00,26
328,15,2022-07-12,13:12:00,17:27:00,26
329,12,2022-07-13,08:50:00,12:10:00,19
330,29,2022-07-13,15:52:00,17:52:00,16
331,10,2022-07-14,13:39:00,18:39:00,33
332,20,2022-07-14,08:14:00,08:44:00,26
333,24,2022-07-14,10:10:00,11:10:00,31
334,21,2022-07-18,11:27:00,17:57:00,27
335,20,2022-07-18,18:46:00,20:31:00,27
336,19,2022-07-19,08:46:00,11:46:00,27
337,19,2022-07-19,12:57:00,14:12:00,26
338,27,2022-07-19,19:40:00,20:40:00,19
339,34,2022-07-20,13:17:00,16:17:00,27
340,1,2022-07-20,07:06:00,09:01:00,25
341,34,2022-07-22,11:05:00,12:05:00,30
342,1,2022-07-22,15:52:00,16:07:00,25
343,10,2022-07-22,13:42:00,18:17:00,18
344,5,2022-07-25,18:49:00,20:54:00,31
345,27,2022-07-25,16:33:00,18:43:00,15
346,3,2022-07-25,14:30:00,17:35:00,26
347,3,2022-07-26,17:29:00,19:34:00,9
348,28,2022-07-26,12:35:00,16:05:00,36
349,4,2022-07-26,11:22:00,17:57:00,27
350,19,2022-07-27,12:31:00,16:31:00,4
351,26,2022-07-27,17:07:00,17:52:00,32
352,13,2022-07-27,17:36:00,22:36:00,26
353,31,2022-07-28,15:20:00,16:35:00,31
354,5,2022-07-28,13:37:00,17:12:00,27
355,10,2022-07-28,06:05:00,08:35:00,27
356,27,2022-07-28,06:46:00,10:46:00,27
357,11,2022-07-28,14:20:00,15:50:00,22
358,23,2022-07-29,11:43:00,14:18:00,26
359,14,2022-07-29,15:59:00,20:34:00,30
360,31,2022-07-29,09:25:00,13:45:00,26
361,4,2022-07-29,11:30:00,12:00:00,32
362,29,2022-07-29,07:56:00,09:56:00,34
363,1,2022-08-03,18:46:00,19:01:00,19
364,24,2022-08-03,07:59:00,08:29:00,26
365,10,2022-08-03,18:02:00,19:57:00,27
366,2,2022-08-03,07:13:00,07:28:00,33
367,30,2022-08-03,16:26:00,22:01:00,27
368,7,2022-08-04,11:26:00,16:31:00,17
369,17,2022-08-04,14:00:00,18:10:00,27
370,8,2022-08-04,14:59:00,15:44:00,17
371,23,2022-08-04,06:20:00,10:50:00,11
372,33,2022-08-05,11:15:00,13:00:00,12
373,25,2022-08-05,07:55:00,11:20:00,27
374,9,2022-08-05,10:23:00,12:48:00,26
375,34,2022-08-08,14:18:00,16:33:00,26
376,31,2022-08-09,12:02:00,13:57:00,22
377,20,2022-08-10,16:52:00,21:22:00,17
378,14,2022-08-11,07:46:00,08:31:00,27
379,23,2022-08-11,13:11:00,16:56:00,30
380,27,2022-08-15,10:58:00,11:38:00,33
381,5,2022-08-15,13:12:00,13:27:00,18
382,27,2022-08-15,15:08:00,17:08:00,12
383,22,2022-08-15,07:27:00,12:52:00,28
384,9,2022-08-16,20:15:00,22:30:00,27
385,8,2022-08-16,08:59:00,11:04:00,35
386,17,2022-08-17,08:52:00,14:17:00,34
387,1,2022-08-17,21:01:00,21:56:00,29
388,17,2022-08-17,19:55:00,21:55:00,27
389,12,2022-08-17,12:19:00,17:54:00,26
390,27,2022-08-17,14:35:00,16:55:00,27
391,17,2022-08-18,19:09:00,22:14:00,30
392,6,2022-08-18,13:58:00,14:58:00,26
393,4,2022-08-19,16:46:00,19:31:00,30
394,33,2022-08-19,14:57:00,15:57:00,28
395,10,2022-08-19,09:38:00,11:48:00,33
396,12,2022-08-19,14:39:00,16:39:00,30
397,27,2022-08-22,07:20:00,07:45:00,23
398,30,2022-08-22,17:30:00,21:00:00,28
399,15,2022-08-22,08:29:00,08:59:00,26
400,29,2022-08-22,08:19:00,11:14:00,5
401,10,2022-08-23,09:01:00,12:36:00,34
402,16,2022-08-23,14:27:00,18:32:00,27
403,23,2022-08-23,07:41:00,08:41:00,15
404,8,2022-08-23,20:35:00,22:00:00,27
405,34,2022-08-25,12:26:00,13:36:00,28
406,33,2022-08-25,16:24:00,20:34:00,26
407,22,2022-08-25,06:05:00,11:30:00,26
408,30,2022-08-25,21:05:00,21:35:00,27
409,22,2022-08-25,13:43:00,20:48:00,2
410,31,2022-08-26,10:09:00,10:24:00,28
411,19,2022-08-26,07:18:00,11:43:00,26
412,32,2022-08-26,16:52:00,17:52:00,31
413,20,2022-08-26,17:44:00,19:44:00,15
414,7,2022-08-26,12:20:00,15:00:00,26
415,3,2022-08-29,11:59:00,17:34:00,18
416,15,2022-08-29,20:04:00,22:49:00,30
417,34,2022-08-30,09:56:00,10:56:00,33
418,7,2022-08-30,14:25:00,16:20:00,26
419,29,2022-08-30,06:17:00,08:17:00,27
420,4,2022-08-30,06:39:00,06:54:00,27
421,8,2022-08-31,07:12:00,07:42:00,27
422,10,2022-08-31,10:40:00,13:15:00,12
423,6,2022-09-01,12:47:00,16:22:00,15
424,13,2022-09-01,13:06:00,13:21:00,26
425,12,2022-09-02,11:44:00,12:44:00,27
426,25,2022-09-02,10:43:00,13:13:00,26
427,19,2022-09-02,12:56:00,17:51:00,12
428,3,2022-09-02,12:37:00,16:52:00,13
429,6,2022-09-06,10:58:00,13:58:00,29
430,23,2022-09-06,13:58:00,17:53:00,26
431,21,2022-09-06,14:50:00,18:25:00,34
432,33,2022-09-07,08:10:00,09:20:00,27
433,1,2022-09-07,18:33:00,21:48:00,26
434,17,2022-09-08,10:04:00,10:19:00,6
435,23,2022-09-08,21:19:00,21:34:00,27
436,21,2022-09-09,06:27:00,08:57:00,31
437,2,2022-09-09,13:14:00,15:49:00,24
438,33,2022-09-12,15:31:00,15:46:00,28
439,25,2022-09-12,14:16:00,17:11:00,24
440,12,2022-09-12,14:05:00,14:35:00,36
441,10,2022-09-12,10:37:00,11:02:00,26
442,11,2022-09-13,17:15:00,17:30:00,26
443,3,2022-09-13,17:14:00,21:49:00,26
444,20,2022-09-13,14:02:00,16:32:00,27
445,27,2022-09-14,12:22:00,13:47:00,29
446,23,2022-09-14,15:18:00,17:23:00,27
447,7,2022-09-14,06:47:00,09:07:00,27
448,13,2022-09-14,11:51:00,15:31:00,16
449,18,2022-09-14,13:02:00,16:52:00,27
450,21,2022-09-15,16:42:00,20:32:00,20
451,1,2022-09-15,15:54:00,17:19:00,27
452,25,2022-09-15,07:08:00,11:18:00,29
453,18,2022-09-15,09:02:00,11:32:00,30
454,7,2022-09-15,15:51:00,19:01:00,13
455,34,2022-09-16,06:21:00,07:16:00,31
456,26,2022-09-16,17:07:00,20:27:00,27
457,24,2022-09-16,12:15:00,15:20:00,26
458,13,2022-09-19,07:43:00,11:18:00,19
459,6,2022-09-20,06:07:00,09:57:00,27
460,24,2022-09-20,17:13:00,21:48:00,27
461,17,2022-09-20,09:42:00,12:37:00,28
462,16,2022-09-22,13:41:00,17:51:00,26
463,6,2022-09-22,12:39:00,16:34:00,21
464,32,2022-09-22,07:42:00,09:47:00,30
465,25,2022-09-22,10:03:00,12:13:00,32
466,30,2022-09-22,12:12:00,13:12:00,29
467,16,2022-09-23,07:40:00,11:00:00,18
468,13,2022-09-23,18:41:00,20:41:00,35
469,21,2022-09-23,08:51:00,10:46:00,12
470,21,2022-09-23,19:52:00,22:47:00,31
471,6,2022-09-23,19:16:00,20:41:00,14
472,9,2022-09-28,15:23:00,17:53:00,28
473,13,2022-09-29,17:08:00,20:38:00,20
474,25,2022-09-30,22:38:00,22:53:00,27
475,34,2022-09-30,18:56:00,20:11:00,31
476,12,2022-09-30,19:06:00,19:51:00,27
477,26,2022-09-30,06:13:00,09:28:00,30
478,7,2022-10-04,19:07:00,20:37:00,31
479,33,2022-10-04,08:29:00,11:29:00,22
480,4,2022-10-04,14:21:00,18:21:00,26
481,8,2022-10-05,15:21:00,20:21:00,26
482,33,2022-10-05,09:14:00,11:54:00,27
483,21,2022-10-06,17:40:00,21:30:00,27
484,23,2022-10-07,14:24:00,16:09:00,33
485,9,2022-10-07,06:41:00,11:01:00,26
486,10,2022-10-07,20:20:00,22:35:00,21
487,18,2022-10-11,18:03:00,19:58:00,27
488,3,2022-10-11,20:57:00,22:52:00,23
489,18,2022-10-11,09:56:00,13:46:00,19
490,29,2022-10-11,19:18:00,19:48:00,27
491,27,2022-10-13,09:03:00,13:13:00,22
492,8,2022-10-13,09:11:00,09:56:00,35
493,32,2022-10-13,12:04:00,13:49:00,30
494,25,2022-10-13,10:57:00,13:22:00,33
495,8,2022-10-14,17:34:00,21:44:00,11
496,13,2022-10-14,16:37:00,16:52:00,32
497,12,2022-10-14,13:39:00,16:19:00,17
498,11,2022-10-14,15:46:00,16:46:00,35
499,18,2022-10-18,19:12:00,21:12:00,29
500,7,2022-10-18,16:18:00,19:38:00,33
501,3,2022-10-19,15:00:00,20:35:00,21
502,15,2022-10-19,15:08:00,19:13:00,12
503,11,2022-10-19,08:04:00,14:34:00,26
504,17,2022-10-20,13:19:00,16:44:00,30
505,30,2022-10-20,13:10:00,15:20:00,25
506,7,2022-10-20,16:36:00,18:36:00,20
507,2,2022-10-20,20:34:00,22:04:00,27
508,24,2022-10-21,14:33:00,17:58:00,27
509,8,2022-10-24,07:00:00,10:35:00,28
510,34,2022-10-24,18:14:00,21:39:00,26
511,30,2022-10-24,09:36:00,12:41:00,30
512,2,2022-10-24,19:29:00,22:34:00,27
513,9,2022-10-25,06:19:00,09:34:00,26
514,18,2022-10-25,11:02:00,12:02:00,22
515,6,2022-10-25,10:02:00,12:17:00,35
516,33,2022-10-26,07:51:00,10:16:00,30
517,22,2022-10-26,14:25:00,16:40:00,34
518,17,2022-10-26,06:39:00,10:49:00,34
519,24,2022-10-26,06:20:00,08:20:00,9
520,14,2022-10-27,10:44:00,14:09:00,32
521,7,2022-10-28,20:46:00,22:41:00,35
522,5,2022-10-28,18:08:00,20:08:00,17
523,3,2022-10-31,12:51:00,13:21:00,33
524,10,2022-10-31,09:17:00,10:42:00,26
525,11,2022-10-31,10:11:00,11:56:00,28
526,28,2022-10-31,10:32:00,11:57:00,26
527,28,2022-11-02,12:49:00,16:49:00,33
528,2,2022-11-02,15:13:00,18:23:00,36
529,14,2022-11-02,13:39:00,18:44:00,29
530,32,2022-11-02,06:40:00,08:50:00,29
531,6,2022-11-02,13:01:00,16:31:00,14
532,11,2022-11-04,19:48:00,22:18:00,27
533,28,2022-11-07,18:05:00,21:30:00,19
534,19,2022-11-07,16:56:00,18:06:00,27
535,30,2022-11-07,17:51:00,20:36:00,27
536,20,2022-11-07,15:56:00,19:46:00,36
537,22,2022-11-09,09:55:00,15:15:00,31
538,11,2022-11-10,13:14:00,16:14:00,27
539,11,2022-11-10,07:27:00,07:42:00,30
540,20,2022-11-10,20:04:00,21:04:00,22
541,20,2022-11-15,16:12:00,20:12:00,14
542,23,2022-11-16,07:05:00,07:50:00,27
543,34,2022-11-17,06:33:00,09:38:00,5
544,11,2022-11-18,11:21:00,12:16:00,27
545,7,2022-11-21,08:41:00,10:21:00,27
546,10,2022-11-21,06:53:00,08:23:00,11
547,11,2022-11-21,19:06:00,22:11:00,31
548,3,2022-11-22,08:25:00,11:20:00,26
549,33,2022-11-22,10:02:00,12:22:00,27
550,24,2022-11-22,20:28:00,20:53:00,27
551,32,2022-11-22,13:20:00,14:20:00,28
552,34,2022-11-23,11:25:00,15:25:00,18
553,20,2022-11-23,06:45:00,09:40:00,31
554,5,2022-11-24,09:28:00,12:03:00,26
555,17,2022-11-24,11:57:00,16:32:00,22
556,30,2022-11-25,18:38:00,20:33:00,16
557,4,2022-11-25,16:51:00,20:21:00,27
558,12,2022-11-25,15:28:00,21:43:00,27
559,7,2022-11-28,07:18:00,09:53:00,36
560,12,2022-11-28,17:42:00,19:07:00,32
561,10,2022-11-28,07:10:00,12:35:00,25
562,24,2022-11-29,20:50:00,22:05:00,30
563,16,2022-11-29,16:27:00,18:42:00,17
564,30,2022-11-29,17:02:00,17:42:00,11
565,7,2022-11-29,17:22:00,19:37:00,13
566,4,2022-11-29,15:49:00,17:04:00,20
567,9,2022-11-30,11:54:00,15:09:00,30
568,19,2022-11-30,11:03:00,15:08:00,27
569,25,2022-11-30,18:21:00,18:36:00,30
570,14,2022-12-01,10:24:00,15:49:00,17
571,19,2022-12-01,14:49:00,19:39:00,22
572,29,2022-12-01,14:08:00,16:53:00,27
573,28,2022-12-01,09:54:00,10:09:00,26
574,9,2022-12-02,18:59:00,21:44:00,23
575,15,2022-12-02,14:52:00,18:32:00,26
576,14,2022-12-02,11:32:00,16:07:00,6
577,1,2022-12-02,11:04:00,15:34:00,26
578,11,2022-12-02,11:07:00,11:37:00,35
579,10,2022-12-05,19:04:00,22:14:00,15
580,32,2022-12-05,07:46:00,08:46:00,27
581,23,2022-12-05,08:51:00,10:06:00,34
582,29,2022-12-05,08:42:00,08:57:00,5
583,16,2022-12-06,07:07:00,07:37:00,30
584,28,2022-12-06,09:41:00,12:16:00,22
585,13,2022-12-06,06:36:00,08:06:00,7
586,15,2022-12-06,18:10:00,20:15:00,8
587,14,2022-12-06,10:44:00,15:44:00,27
588,16,2022-12-07,07:30:00,12:05:00,20
589,20,2022-12-07,15:26:00,18:01:00,23
590,22,2022-12-09,16:03:00,18:08:00,23
591,22,2022-12-09,07:34:00,12:04:00,21
592,28,2022-12-09,16:12:00,19:32:00,29
593,22,2022-12-09,18:27:00,19:57:00,16
594,7,2022-12-12,14:42:00,15:57:00,30
595,27,2022-12-12,08:31:00,12:01:00,32
596,5,2022-12-12,15:53:00,16:08:00,35
597,8,2022-12-13,17:22:00,17:52:00,21
598,7,2022-12-14,06:26:00,09:06:00,26
599,33,2022-12-14,11:46:00,12:31:00,36
600,7,2022-12-14,13:23:00,15:08:00,27
601,12,2022-12-14,14:14:00,15:44:00,27
602,8,2022-12-15,16:49:00,17:19:00,26
603,13,2022-12-15,09:23:00,14:28:00,23
604,33,2022-12-15,16:41:00,19:51:00,31
605,16,2022-12-15,16:49:00,17:49:00,2
606,1,2022-12-15,16:03:00,20:38:00,27
607,21,2022-12-16,12:03:00,15:33:00,26
608,20,2022-12-16,15:13:00,15:38:00,27
609,23,2022-12-16,11:23:00,16:33:00,35
610,13,2022-12-16,08:43:00,12:13:00,28
611,26,2022-12-19,10:01:00,12:01:00,22
612,11,2022-12-19,18:07:00,19:37:00,26
613,8,2022-12-19,14:29:00,17:24:00,26
614,20,2022-12-20,19:27:00,22:42:00,11
615,21,2022-12-20,17:15:00,17:30:00,26
616,32,2022-12-20,21:39:00,22:39:00,2
617,6,2022-12-20,18:09:00,19:09:00,35
618,17,2022-12-21,20:24:00,20:39:00,26
619,21,2022-12-21,22:05:00,22:35:00,26
620,8,2022-12-21,14:09:00,15:09:00,27
621,17,2022-12-22,14:22:00,17:22:00,26
622,14,2022-12-22,07:49:00,11:09:00,15
623,28,2022-12-23,12:45:00,17:00:00,35
624,11,2022-12-23,18:07:00,19:32:00,27
625,2,2022-12-23,08:52:00,09:52:00,1
626,1,2022-12-23,08:42:00,11:22:00,28
627,5,2022-12-27,08:48:00,13:13:00,15
628,3,2022-12-27,13:36:00,15:36:00,31
629,29,2022-12-27,12:32:00,15:27:00,23
630,20,2022-12-27,19:55:00,20:50:00,21
631,24,2022-12-29,09:35:00,12:25:00,1
632,30,2022-12-29,20:52:00,21:22:00,27
633,29,2022-12-29,08:47:00,12:27:00,17
634,15,2022-12-29,15:14:00,21:29:00,13
635,10,2023-01-02,17:09:00,19:29:00,8
636,29,2023-01-02,13:25:00,17:20:00,24
637,27,2023-01-02,09:43:00,11:13:00,15
638,2,2023-01-02,15:46:00,17:01:00,29
639,34,2023-01-02,20:30:00,22:45:00,26
640,7,2023-01-03,12:10:00,13:50:00,26
641,27,2023-01-03,20:12:00,22:52:00,23
642,32,2023-01-03,18:01:00,22:46:00,27
643,12,2023-01-03,06:09:00,07:34:00,29
644,26,2023-01-04,18:49:00,21:39:00,27
645,7,2023-01-05,17:31:00,20:01:00,34
646,22,2023-01-05,11:07:00,14:12:00,25
647,13,2023-01-09,19:24:00,19:39:00,15
648,15,2023-01-09,15:41:00,17:41:00,26
649,27,2023-01-09,13:56:00,18:21:00,29
650,15,2023-01-09,12:18:00,15:08:00,29
651,1,2023-01-09,18:03:00,19:18:00,10
652,25,2023-01-10,06:35:00,08:40:00,26
653,5,2023-01-11,15:14:00,18:34:00,9
654,22,2023-01-11,12:01:00,14:06:00,18
655,18,2023-01-11,13:00:00,15:05:00,36
656,32,2023-01-13,08:07:00,09:07:00,27
657,4,2023-01-16,08:00:00,09:00:00,4
658,27,2023-01-16,14:47:00,18:22:00,31
659,18,2023-01-16,09:02:00,12:52:00,32
660,27,2023-01-17,08:39:00,10:09:00,34
661,1,2023-01-17,09:54:00,15:24:00,21
662,4,2023-01-17,14:42:00,16:47:00,34
663,11,2023-01-17,07:37:00,10:37:00,9
664,21,2023-01-18,17:33:00,19:33:00,19
665,31,2023-01-18,07:42:00,08:12:00,31
666,28,2023-01-18,10:36:00,14:41:00,36
667,30,2023-01-18,16:57:00,17:22:00,22
668,23,2023-01-18,09:38:00,10:08:00,27
669,22,2023-01-19,17:39:00,19:04:00,35
670,27,2023-01-19,18:47:00,22:37:00,24
671,9,2023-01-19,07:30:00,10:05:00,26
672,10,2023-01-19,18:30:00,20:35:00,27
673,7,2023-01-20,15:21:00,17:06:00,27
674,27,2023-01-20,08:30:00,11:05:00,20
675,28,2023-01-23,15:21:00,19:16:00,26
676,19,2023-01-23,07:59:00,13:24:00,29
677,32,2023-01-24,16:28:00,18:33:00,33
678,12,2023-01-24,09:14:00,10:14:00,8
679,19,2023-01-24,09:24:00,12:29:00,27
680,22,2023-01-25,09:36:00,12:06:00,22
681,8,2023-01-25,12:50:00,15:45:00,27
682,33,2023-01-26,07:03:00,11:33:00,32
683,6,2023-01-27,16:36:00,22:11:00,27
684,3,2023-01-27,18:05:00,19:05:00,17
685,4,2023-01-27,06:50:00,09:40:00,27
686,10,2023-01-30,19:21:00,20:21:00,27
687,2,2023-01-30,12:51:00,18:51:00,29
688,14,2023-01-30,10:50:00,11:35:00,34
689,32,2023-01-30,10:54:00,15:19:00,26
690,12,2023-02-02,13:12:00,14:12:00,26
691,20,2023-02-02,06:09:00,07:34:00,27
692,33,2023-02-02,10:08:00,11:23:00,26
693,33,2023-02-02,06:46:00,09:51:00,26
694,32,2023-02-02,14:35:00,19:35:00,21
695,1,2023-02-03,09:18:00,12:08:00,26
696,9,2023-02-03,12:20:00,13:20:00,26
697,3,2023-02-03,11:52:00,16:37:00,30
698,2,2023-02-06,15:57:00,18:02:00,17
699,18,2023-02-07,08:20:00,10:50:00,30
700,10,2023-02-07,11:46:00,17:56:00,35
701,6,2023-02-07,18:10:00,20:30:00,6
702,25,2023-02-07,19:14:00,21:14:00,35
703,11,2023-02-07,07:57:00,10:02:00,9
704,18,2023-02-08,14:02:00,16:47:00,29
705,5,2023-02-08,13:46:00,19:21:00,3
706,1,2023-02-09,14:09:00,16:29:00,26
707,13,2023-02-09,20:25:00,22:30:00,27
708,20,2023-02-09,08:34:00,10:34:00,26
709,4,2023-02-10,16:13:00,19:18:00,26
710,22,2023-02-10,13:46:00,14:01:00,12
711,15,2023-02-10,17:30:00,20:50:00,6
712,22,2023-02-10,16:38:00,20:58:00,33
713,33,2023-02-13,07:58:00,12:18:00,26
714,26,2023-02-14,08:52:00,09:17:00,15
715,10,2023-02-14,17:40:00,20:20:00,26
716,13,2023-02-15,18:57:00,22:47:00,36
717,32,2023-02-15,11:27:00,12:27:00,27
718,31,2023-02-16,09:35:00,11:50:00,9
719,33,2023-02-16,15:35:00,18:05:00,27
720,17,2023-02-16,12:28:00,16:43:00,28
721,14,2023-02-16,10:12:00,12:17:00,20
722,33,2023-02-17,10:28:00,12:28:00,29
723,4,2023-02-17,10:13:00,12:18:00,27
724,15,2023-02-17,09:21:00,12:26:00,6
725,24,2023-02-21,13:10:00,18:25:00,27
726,1,2023-02-21,14:22:00,15:07:00,26
727,11,2023-02-22,13:00:00,16:00:00,30
728,34,2023-02-22,19:59:00,22:54:00,26
729,8,2023-02-22,19:08:00,19:23:00,34
730,5,2023-02-24,16:51:00,19:06:00,26
731,1,2023-02-24,10:05:00,14:35:00,27
732,5,2023-02-24,14:17:00,14:47:00,34
733,8,2023-02-24,13:00:00,13:15:00,28
734,11,2023-02-24,18:48:00,20:43:00,35
735,18,2023-02-27,17:10:00,21:40:00,25
736,7,2023-02-27,12:05:00,15:10:00,30
737,17,2023-02-27,09:58:00,10:58:00,32
738,28,2023-02-27,16:05:00,19:35:00,33
739,3,2023-02-27,17:31:00,18:01:00,26
740,33,2023-02-28,11:26:00,17:41:00,26
741,28,2023-02-28,14:49:00,16:54:00,27
742,1,2023-02-28,10:36:00,15:31:00,26
743,28,2023-02-28,21:26:00,22:26:00,31
744,29,2023-02-28,14:20:00,18:50:00,15
745,22,2023-03-01,15:19:00,18:24:00,26
746,10,2023-03-01,17:10:00,18:40:00,33
747,30,2023-03-01,07:16:00,09:21:00,3
748,22,2023-03-02,15:16:00,19:01:00,16
749,2,2023-03-02,11:09:00,13:24:00,28
750,19,2023-03-03,18:38:00,22:43:00,17
751,11,2023-03-03,16:20:00,17:20:00,12
752,10,2023-03-06,17:44:00,18:14:00,17
753,21,2023-03-06,11:03:00,11:33:00,35
754,11,2023-03-06,07:13:00,08:13:00,26
755,27,2023-03-06,10:13:00,11:58:00,27
756,9,2023-03-06,18:03:00,18:18:00,31
757,15,2023-03-08,14:21:00,16:26:00,27
758,25,2023-03-08,07:53:00,10:53:00,12
759,30,2023-03-08,11:56:00,15:06:00,27
760,33,2023-03-09,19:42:00,21:07:00,34
761,34,2023-03-09,08:17:00,10:22:00,4
762,14,2023-03-09,13:25:00,17:10:00,29
763,31,2023-03-09,19:07:00,21:07:00,25
764,20,2023-03-09,17:08:00,19:53:00,27
765,26,2023-03-10,21:40:00,22:10:00,31
766,6,2023-03-10,11:31:00,12:31:00,29
767,11,2023-03-10,12:29:00,15:24:00,26
768,8,2023-03-13,14:54:00,16:54:00,26
769,12,2023-03-13,13:09:00,18:24:00,12
770,21,2023-03-13,14:28:00,16:38:00,30
771,11,2023-03-13,11:41:00,12:26:00,27
772,34,2023-03-14,21:51:00,22:16:00,26
773,8,2023-03-14,20:33:00,21:33:00,27
774,5,2023-03-14,08:19:00,11:19:00,30
775,1,2023-03-15,11:12:00,13:17:00,27
776,10,2023-03-15,18:22:00,21:42:00,36
777,5,2023-03-15,17:51:00,19:01:00,10
778,3,2023-03-16,12:48:00,19:58:00,9
779,9,2023-03-20,19:48:00,21:48:00,31
780,2,2023-03-20,07:26:00,07:41:00,14
781,21,2023-03-22,07:46:00,10:51:00,31
782,5,2023-03-22,18:47:00,22:07:00,27
783,27,2023-03-24,09:08:00,11:53:00,18
784,25,2023-03-24,07:51:00,12:16:00,35
785,28,2023-03-24,14:54:00,16:39:00,17
786,2,2023-03-27,18:23:00,20:28:00,8
787,28,2023-03-28,13:04:00,18:19:00,23
788,30,2023-03-28,11:30:00,12:30:00,24
789,4,2023-03-28,16:32:00,19:02:00,32
790,32,2023-03-28,17:55:00,21:00:00,2
791,13,2023-03-29,09:17:00,11:17:00,26
792,28,2023-03-29,17:58:00,19:53:00,26
793,2,2023-03-29,17:47:00,18:47:00,27
794,31,2023-03-29,14:32:00,14:47:00,27
795,11,2023-03-31,11:43:00,16:58:00,21
796,25,2023-03-31,12:41:00,16:56:00,21
797,23,2023-03-31,11:03:00,12:33:00,26
798,3,2023-04-03,19:16:00,20:16:00,26
799,18,2023-04-03,15:26:00,20:06:00,11
800,11,2023-04-04,09:58:00,12:58:00,27
801,15,2023-04-04,07:10:00,10:15:00,31
802,30,2023-04-04,10:27:00,12:12:00,36
803,8,2023-04-04,08:27:00,08:57:00,27
804,29,2023-04-05,13:13:00,15:28:00,26
805,5,2023-04-05,16:23:00,20:18:00,26
806,18,2023-04-05,13:23:00,15:53:00,26
807,10,2023-04-06,18:45:00,20:45:00,20
808,23,2023-04-06,11:35:00,13:15:00,21
809,16,2023-04-06,09:25:00,12:00:00,27
810,17,2023-04-06,08:18:00,09:28:00,30
811,24,2023-04-11,07:51:00,08:06:00,32
812,33,2023-04-11,08:25:00,13:25:00,23
813,11,2023-04-11,16:40:00,18:40:00,27
814,17,2023-04-12,14:14:00,16:49:00,30
815,18,2023-04-12,07:27:00,08:57:00,29
816,11,2023-04-12,07:50:00,10:00:00,33
817,19,2023-04-12,10:14:00,14:49:00,26
818,25,2023-04-13,11:01:00,15:06:00,33
819,3,2023-04-13,06:42:00,07:27:00,27
820,23,2023-04-13,15:27:00,17:22:00,27
821,14,2023-04-13,18:16:00,18:31:00,28
822,15,2023-04-13,07:03:00,09:58:00,26
823,18,2023-04-14,13:20:00,16:00:00,2
824,3,2023-04-17,10:17:00,16:57:00,35
825,22,2023-04-17,12:38:00,16:03:00,28
826,20,2023-04-17,12:17:00,15:37:00,35
827,5,2023-04-18,09:55:00,14:55:00,26
828,33,2023-04-20,06:56:00,10:56:00,26
829,14,2023-04-20,19:24:00,21:29:00,12
830,25,2023-04-20,09:01:00,09:46:00,28
831,29,2023-04-20,14:27:00,20:22:00,29
832,27,2023-04-20,10:51:00,13:56:00,30
833,8,2023-04-21,15:30:00,20:10:00,28
834,25,2023-04-21,17:43:00,22:23:00,30
835,22,2023-04-24,16:42:00,20:32:00,27
836,19,2023-04-24,12:37:00,13:22:00,34
837,3,2023-04-24,19:42:00,21:12:00,22
838,32,2023-04-24,20:14:00,22:49:00,22
839,14,2023-04-25,16:57:00,17:42:00,26
840,25,2023-04-25,07:06:00,07:36:00,36
841,5,2023-04-25,10:07:00,15:12:00,27
842,28,2023-04-25,12:51:00,13:36:00,32
843,29,2023-04-27,07:08:00,09:33:00,31
844,17,2023-04-27,14:33:00,15:03:00,26
845,34,2023-04-28,15:42:00,18:37:00,24
846,10,2023-04-28,07:39:00,07:54:00,26
847,18,2023-04-28,14:26:00,17:26:00,27
848,15,2023-05-01,16:08:00,16:48:00,31
849,11,2023-05-02,22:22:00,22:52:00,24
850,32,2023-05-02,11:59:00,14:04:00,26
851,32,2023-05-02,21:25:00,21:40:00,24
852,11,2023-05-02,06:02:00,06:32:00,19
853,8,2023-05-02,13:58:00,17:38:00,27
854,14,2023-05-04,14:07:00,15:07:00,18
855,22,2023-05-05,18:13:00,20:08:00,36
856,21,2023-05-05,09:31:00,14:36:00,29
857,33,2023-05-05,14:36:00,18:26:00,19
858,34,2023-05-05,13:18:00,16:08:00,26
859,19,2023-05-05,16:40:00,17:10:00,24
860,16,2023-05-08,08:36:00,09:51:00,11
861,4,2023-05-09,07:23:00,12:03:00,5
862,9,2023-05-10,08:00:00,10:00:00,20
863,22,2023-05-10,14:49:00,16:49:00,11
864,25,2023-05-10,19:52:00,22:37:00,36
865,5,2023-05-10,14:25:00,15:25:00,30
866,28,2023-05-10,12:50:00,18:15:00,23
867,12,2023-05-11,06:34:00,06:49:00,23
868,22,2023-05-11,14:43:00,16:38:00,5
869,29,2023-05-11,15:18:00,20:23:00,8
870,13,2023-05-11,12:05:00,16:25:00,20
871,26,2023-05-12,14:35:00,20:30:00,13
872,16,2023-05-12,07:56:00,10:16:00,16
873,16,2023-05-12,21:04:00,22:34:00,27
874,4,2023-05-12,12:59:00,17:34:00,29
875,8,2023-05-15,13:21:00,15:26:00,26
876,20,2023-05-15,17:00:00,20:05:00,31
877,20,2023-05-15,10:04:00,15:04:00,26
878,5,2023-05-15,10:06:00,16:31:00,29
879,19,2023-05-16,19:49:00,21:49:00,6
880,13,2023-05-16,14:12:00,16:57:00,24
881,24,2023-05-17,07:06:00,08:21:00,27
882,29,2023-05-17,09:21:00,13:46:00,18
883,9,2023-05-17,19:19:00,22:34:00,14
884,6,2023-05-17,08:27:00,12:47:00,19
885,18,2023-05-17,07:53:00,08:08:00,28
886,11,2023-05-18,09:37:00,13:12:00,20
887,21,2023-05-19,10:47:00,12:32:00,28
888,28,2023-05-19,12:30:00,14:30:00,18
889,19,2023-05-19,15:41:00,16:06:00,28
890,33,2023-05-19,09:13:00,10:13:00,6
891,2,2023-05-19,17:48:00,20:23:00,27
892,16,2023-05-23,12:09:00,13:09:00,27
893,31,2023-05-23,19:16:00,19:46:00,20
894,32,2023-05-23,08:06:00,12:51:00,22
895,15,2023-05-24,13:26:00,15:51:00,4
896,33,2023-05-24,14:51:00,19:21:00,32
897,23,2023-05-26,10:09:00,12:39:00,26
898,31,2023-05-26,19:08:00,21:38:00,28
899,11,2023-05-26,11:07:00,14:32:00,24
900,12,2023-05-29,06:30:00,09:35:00,28
901,7,2023-05-29,13:18:00,14:18:00,28
902,16,2023-05-29,09:31:00,12:01:00,28
903,14,2023-05-29,20:04:00,21:19:00,26
904,17,2023-05-31,08:46:00,10:31:00,21
905,33,2023-05-31,08:40:00,10:10:00,27
906,21,2023-05-31,10:27:00,17:37:00,28
907,29,2023-05-31,06:42:00,11:22:00,36
908,31,2023-06-01,09:57:00,12:12:00,29
909,23,2023-06-01,08:49:00,10:04:00,26
910,20,2023-06-01,13:01:00,13:16:00,28
911,5,2023-06-01,06:33:00,07:18:00,14
912,28,2023-06-02,06:30:00,09:45:00,29
913,22,2023-06-02,19:10:00,20:10:00,34
914,34,2023-06-02,10:46:00,13:56:00,11
915,26,2023-06-02,15:39:00,17:59:00,31
916,12,2023-06-05,15:05:00,16:20:00,35
917,32,2023-06-05,07:50:00,12:45:00,11
918,24,2023-06-05,16:40:00,17:40:00,23
919,34,2023-06-06,18:00:00,18:15:00,27
920,3,2023-06-07,06:45:00,08:15:00,27
921,13,2023-06-07,14:55:00,15:50:00,36
922,17,2023-06-07,07:56:00,12:31:00,29
923,4,2023-06-07,07:23:00,08:08:00,29
924,26,2023-06-07,18:31:00,21:46:00,31
925,32,2023-06-08,10:02:00,11:02:00,23
926,32,2023-06-08,12:16:00,16:06:00,3
927,4,2023-06-08,09:57:00,10:52:00,30
928,12,2023-06-08,12:13:00,13:58:00,31
929,29,2023-06-09,10:12:00,13:57:00,27
930,21,2023-06-12,17:17:00,22:37:00,22
931,33,2023-06-12,12:07:00,15:57:00,9
932,30,2023-06-12,11:19:00,13:49:00,12
933,23,2023-06-12,09:31:00,10:31:00,6
934,32,2023-06-12,13:27:00,13:42:00,36
935,13,2023-06-15,09:43:00,11:48:00,23
936,26,2023-06-15,15:40:00,17:10:00,29
937,24,2023-06-15,09:43:00,11:58:00,22
938,18,2023-06-16,21:26:00,22:26:00,27
939,18,2023-06-16,07:06:00,09:01:00,17
940,26,2023-06-19,19:15:00,21:10:00,30
941,29,2023-06-19,12:18:00,16:08:00,27
942,3,2023-06-19,18:07:00,21:37:00,26
943,5,2023-06-20,15:11:00,19:16:00,31
944,6,2023-06-20,19:36:00,21:21:00,34
945,15,2023-06-20,10:41:00,15:16:00,27
946,3,2023-06-20,15:37:00,19:12:00,36
947,11,2023-06-21,06:58:00,11:33:00,25
948,17,2023-06-21,07:52:00,13:47:00,21
949,30,2023-06-21,07:03:00,07:33:00,23
950,5,2023-06-21,08:30:00,13:55:00,6
951,11,2023-06-22,12:29:00,14:29:00,26
952,16,2023-06-22,10:50:00,14:50:00,2
953,12,2023-06-22,15:22:00,18:02:00,26
954,22,2023-06-23,11:00:00,14:05:00,23
955,18,2023-06-23,15:22:00,16:22:00,13
956,16,2023-06-23,15:27:00,17:47:00,8
957,29,2023-06-23,06:14:00,10:54:00,10
958,7,2023-06-27,20:24:00,20:39:00,29
959,29,2023-06-27,17:45:00,19:15:00,13
960,32,2023-06-29,18:28:00,19:53:00,1
961,24,2023-06-29,07:30:00,10:45:00,29
962,23,2023-06-29,17:08:00,19:28:00,18
963,12,2023-06-29,09:36:00,14:51:00,29
964,3,2023-06-29,19:59:00,21:14:00,11
965,12,2023-06-30,16:58:00,20:28:00,26
966,23,2023-06-30,06:30:00,08:15:00,26
967,19,2023-07-03,16:46:00,17:46:00,17
968,28,2023-07-03,18:24:00,18:54:00,32
969,32,2023-07-03,12:01:00,16:31:00,30
970,9,2023-07-03,14:09:00,16:29:00,27
971,16,2023-07-03,17:23:00,18:23:00,16
972,19,2023-07-04,20:45:00,22:15:00,26
973,26,2023-07-04,13:01:00,16:16:00,27
974,14,2023-07-05,08:30:00,11:35:00,26
975,16,2023-07-05,11:09:00,14:09:00,30
976,12,2023-07-05,12:52:00,15:22:00,26
977,27,2023-07-05,14:01:00,14:31:00,28
978,11,2023-07-05,16:58:00,22:28:00,26
979,2,2023-07-06,08:02:00,12:37:00,25
980,2,2023-07-06,17:50:00,18:35:00,27
981,29,2023-07-06,07:33:00,11:13:00,14
982,29,2023-07-07,19:37:00,21:47:00,13
983,21,2023-07-07,13:37:00,16:42:00,28
984,31,2023-07-10,09:04:00,10:14:00,11
985,19,2023-07-11,10:29:00,12:24:00,31
986,2,2023-07-11,20:17:00,20:42:00,31
987,25,2023-07-12,14:48:00,17:53:00,26
988,18,2023-07-12,18:35:00,20:30:00,26
989,12,2023-07-13,12:35:00,18:05:00,13
990,8,2023-07-13,10:55:00,13:10:00,18
991,16,2023-07-14,11:18:00,12:33:00,27
992,10,2023-07-14,21:18:00,22:18:00,13
993,5,2023-07-14,20:57:00,21:12:00,33
994,29,2023-07-14,21:02:00,22:02:00,36
995,28,2023-07-17,15:07:00,16:22:00,10
996,33,2023-07-17,06:26:00,09:31:00,27
997,17,2023-07-17,17:45:00,21:50:00,26
998,25,2023-07-20,14:46:00,20:26:00,29
999,10,2023-07-25,19:53:00,21:53:00,30
1000,31,2023-07-25,16:54:00,18:24:00,29
1001,3,2023-07-25,10:05:00,13:20:00,21
1002,5,2023-07-25,18:14:00,19:14:00,26
1003,34,2023-07-26,07:24:00,08:04:00,16
1004,25,2023-07-26,15:41:00,17:56:00,26
1005,27,2023-07-27,11:02:00,13:57:00,27
1006,17,2023-07-27,07:47:00,09:52:00,26
1007,34,2023-07-28,17:50:00,18:50:00,27
1008,30,2023-07-31,10:06:00,12:36:00,36
1009,22,2023-07-31,16:51:00,21:11:00,26
1010,20,2023-07-31,18:05:00,21:55:00,26
1011,33,2023-07-31,15:55:00,18:40:00,15
1012,31,2023-08-01,11:52:00,17:32:00,18
1013,21,2023-08-01,13:24:00,15:19:00,28
1014,32,2023-08-01,07:52:00,15:02:00,31
1015,26,2023-08-01,06:01:00,10:51:00,14
1016,23,2023-08-01,16:05:00,17:05:00,29
1017,7,2023-08-02,13:08:00,14:08:00,30
1018,28,2023-08-02,18:24:00,20:29:00,27
1019,11,2023-08-03,16:05:00,18:40:00,27
1020,28,2023-08-03,13:24:00,18:44:00,28
1021,18,2023-08-03,11:21:00,14:56:00,32
1022,7,2023-08-03,07:55:00,10:00:00,26
1023,14,2023-08-04,08:19:00,12:34:00,36
1024,22,2023-08-04,16:34:00,17:04:00,1
1025,15,2023-08-04,10:49:00,13:04:00,26
1026,25,2023-08-04,17:01:00,21:51:00,31
1027,13,2023-08-04,12:28:00,14:38:00,23
1028,19,2023-08-08,06:24:00,08:24:00,33
1029,19,2023-08-08,18:45:00,21:50:00,30
1030,18,2023-08-08,12:16:00,14:16:00,27
1031,2,2023-08-08,08:22:00,10:32:00,26
1032,26,2023-08-08,14:47:00,17:12:00,15
1033,30,2023-08-09,18:22:00,21:07:00,18
1034,25,2023-08-09,14:41:00,18:16:00,30
1035,10,2023-08-09,12:06:00,15:01:00,31
1036,33,2023-08-10,10:44:00,12:54:00,29
1037,3,2023-08-11,07:43:00,08:13:00,30
1038,22,2023-08-15,12:28:00,12:53:00,26
1039,33,2023-08-15,08:06:00,13:21:00,28
1040,4,2023-08-15,15:27:00,16:27:00,26
1041,21,2023-08-15,21:14:00,22:14:00,22
1042,24,2023-08-17,20:49:00,21:49:00,5
1043,23,2023-08-17,17:19:00,20:59:00,26
1044,11,2023-08-17,07:01:00,07:41:00,28
1045,30,2023-08-18,18:17:00,21:22:00,13
1046,27,2023-08-21,06:07:00,12:02:00,6
1047,19,2023-08-21,07:02:00,11:37:00,1
1048,7,2023-08-22,12:57:00,16:22:00,31
1049,25,2023-08-22,11:06:00,16:31:00,27
1050,8,2023-08-22,17:50:00,19:30:00,30
1051,28,2023-08-22,15:41:00,18:41:00,26
1052,22,2023-08-22,06:21:00,06:51:00,26
1053,3,2023-08-23,16:10:00,16:50:00,33
1054,10,2023-08-23,10:47:00,14:17:00,26
1055,24,2023-08-23,18:56:00,21:11:00,22
1056,18,2023-08-24,14:20:00,14:35:00,26
1057,7,2023-08-25,20:26:00,22:31:00,29
1058,29,2023-08-25,10:07:00,10:37:00,22
1059,20,2023-08-25,19:08:00,20:08:00,33
1060,12,2023-08-25,18:31:00,21:31:00,29
1061,4,2023-08-29,19:21:00,21:46:00,27
1062,31,2023-08-29,13:27:00,16:37:00,11
1063,16,2023-08-29,10:58:00,11:23:00,18
1064,27,2023-08-30,20:34:00,21:34:00,33
1065,6,2023-08-31,13:49:00,15:14:00,6
1066,10,2023-08-31,17:50:00,18:50:00,30
1067,11,2023-08-31,16:52:00,21:22:00,27
1068,33,2023-09-05,17:55:00,18:55:00,28
1069,1,2023-09-05,06:24:00,08:54:00,26
1070,14,2023-09-05,18:25:00,18:55:00,27
1071,13,2023-09-05,15:12:00,15:57:00,27
1072,13,2023-09-05,06:04:00,08:04:00,23
1073,10,2023-09-06,17:54:00,21:14:00,26
1074,19,2023-09-06,08:24:00,13:49:00,12
1075,22,2023-09-06,18:13:00,19:38:00,29
1076,3,2023-09-06,18:08:00,20:28:00,27
1077,18,2023-09-07,08:30:00,12:25:00,28
1078,4,2023-09-11,21:10:00,21:50:00,27
1079,20,2023-09-11,16:34:00,20:29:00,29
1080,26,2023-09-11,18:35:00,22:50:00,27
1081,34,2023-09-13,13:11:00,15:36:00,27
1082,3,2023-09-14,13:28:00,14:23:00,11
1083,29,2023-09-14,12:17:00,14:52:00,27
1084,6,2023-09-14,12:55:00,15:30:00,29
1085,6,2023-09-15,19:25:00,22:35:00,26
1086,10,2023-09-15,16:45:00,22:00:00,26
1087,6,2023-09-15,11:50:00,13:50:00,27
1088,24,2023-09-15,13:05:00,16:35:00,16
1089,24,2023-09-19,16:32:00,18:57:00,34
1090,18,2023-09-19,14:15:00,16:50:00,9
1091,9,2023-09-19,17:33:00,20:58:00,17
1092,1,2023-09-20,07:05:00,09:25:00,35
1093,5,2023-09-20,07:17:00,07:32:00,27
1094,32,2023-09-20,17:25:00,21:30:00,12
1095,11,2023-09-21,09:45:00,11:15:00,4
1096,29,2023-09-21,11:09:00,12:09:00,27
1097,16,2023-09-21,10:48:00,14:53:00,35
1098,23,2023-09-21,18:07:00,22:12:00,24
1099,2,2023-09-21,13:41:00,19:01:00,34
1100,9,2023-09-22,19:19:00,20:44:00,31
1101,8,2023-09-22,15:22:00,17:57:00,26
1102,10,2023-09-22,08:36:00,09:51:00,21
1103,26,2023-09-25,19:05:00,22:15:00,7
1104,34,2023-09-26,09:02:00,09:47:00,27
1105,27,2023-09-26,09:18:00,11:38:00,30
1106,2,2023-09-26,08:07:00,12:37:00,22
1107,29,2023-09-26,08:58:00,11:03:00,27
1108,22,2023-09-26,12:13:00,15:23:00,32
1109,2,2023-09-27,10:38:00,15:08:00,33
1110,22,2023-09-27,14:08:00,16:38:00,27
1111,30,2023-09-27,19:27:00,21:47:00,12
1112,11,2023-09-27,06:11:00,09:11:00,26
1113,11,2023-09-28,13:08:00,17:58:00,28
1114,30,2023-09-28,06:32:00,08:57:00,34
1115,8,2023-09-28,06:26:00,11:46:00,29
1116,6,2023-09-28,11:05:00,13:10:00,27
1117,33,2023-09-28,17:24:00,19:39:00,27
1118,27,2023-09-29,06:50:00,09:35:00,27
1119,3,2023-09-29,13:46:00,15:41:00,29
1120,19,2023-09-29,15:32:00,19:22:00,27
1121,15,2023-10-02,09:27:00,11:47:00,27
1122,4,2023-10-02,11:33:00,11:58:00,27
1123,30,2023-10-03,14:10:00,16:55:00,34
1124,21,2023-10-03,14:24:00,16:19:00,3
1125,27,2023-10-03,17:15:00,18:45:00,26
1126,8,2023-10-03,11:43:00,15:38:00,26
1127,3,2023-10-04,15:15:00,15:30:00,15
1128,26,2023-10-04,06:34:00,09:59:00,25
1129,2,2023-10-04,14:37:00,18:42:00,5
1130,1,2023-10-06,18:14:00,20:44:00,26
1131,11,2023-10-06,14:04:00,15:19:00,27
1132,26,2023-10-06,07:32:00,09:47:00,27
1133,4,2023-10-06,11:55:00,12:55:00,27
1134,31,2023-10-06,17:58:00,19:13:00,28
1135,7,2023-10-10,16:23:00,20:33:00,28
1136,12,2023-10-10,09:53:00,12:13:00,27
1137,12,2023-10-10,22:01:00,22:16:00,23
1138,34,2023-10-10,12:19:00,16:54:00,26
1139,6,2023-10-11,07:31:00,11:21:00,29
1140,12,2023-10-11,12:27:00,13:27:00,27
1141,32,2023-10-11,13:51:00,14:21:00,34
1142,32,2023-10-12,14:07:00,16:42:00,31
1143,4,2023-10-12,06:53:00,09:58:00,36
1144,21,2023-10-12,12:36:00,17:01:00,26
1145,25,2023-10-12,13:45:00,14:15:00,14
1146,28,2023-10-13,14:07:00,15:07:00,25
1147,34,2023-10-16,13:40:00,15:40:00,33
1148,12,2023-10-17,15:24:00,16:24:00,29
1149,29,2023-10-17,06:16:00,08:16:00,26
1150,13,2023-10-17,18:55:00,22:50:00,27
1151,1,2023-10-17,17:26:00,18:26:00,19
1152,11,2023-10-18,20:50:00,21:20:00,26
1153,12,2023-10-18,19:38:00,20:08:00,20
1154,7,2023-10-18,18:47:00,20:52:00,26
1155,32,2023-10-19,18:40:00,19:10:00,29
1156,14,2023-10-19,09:01:00,13:01:00,20
1157,13,2023-10-19,12:36:00,14:46:00,31
1158,3,2023-10-19,08:10:00,13:35:00,28
1159,5,2023-10-19,10:44:00,13:44:00,1
1160,30,2023-10-20,10:13:00,14:53:00,26
1161,25,2023-10-20,07:21:00,11:36:00,4
1162,21,2023-10-20,10:10:00,13:15:00,31
1163,32,2023-10-20,18:45:00,22:25:00,28
1164,9,2023-10-20,14:41:00,16:11:00,1
1165,5,2023-10-23,10:50:00,14:30:00,26
1166,32,2023-10-23,19:03:00,22:48:00,11
1167,34,2023-10-23,11:24:00,14:44:00,34
1168,8,2023-10-24,11:23:00,11:53:00,27
1169,25,2023-10-26,13:42:00,16:07:00,25
1170,20,2023-10-26,08:31:00,08:46:00,26
1171,22,2023-10-26,11:52:00,12:17:00,35
1172,4,2023-10-27,18:04:00,19:04:00,14
1173,25,2023-10-27,13:12:00,16:52:00,26
1174,29,2023-10-27,20:04:00,20:29:00,27
1175,9,2023-10-30,16:02:00,18:07:00,26
1176,19,2023-10-30,17:51:00,21:11:00,32
1177,9,2023-10-31,06:59:00,08:14:00,4
1178,22,2023-11-01,19:44:00,21:49:00,31
1179,5,2023-11-02,19:35:00,21:35:00,31
1180,11,2023-11-02,10:05:00,12:00:00,26
1181,24,2023-11-02,13:10:00,13:25:00,25
1182,32,2023-11-02,21:35:00,22:20:00,27
1183,22,2023-11-03,11:52:00,14:27:00,31
1184,34,2023-11-03,09:19:00,13:09:00,22
1185,16,2023-11-03,11:57:00,13:27:00,26
1186,9,2023-11-03,18:29:00,21:24:00,18
1187,26,2023-11-03,12:17:00,12:32:00,27
1188,28,2023-11-06,09:35:00,12:55:00,13
1189,4,2023-11-06,06:44:00,08:49:00,28
1190,7,2023-11-06,09:10:00,13:20:00,26
1191,7,2023-11-07,07:25:00,10:30:00,30
1192,32,2023-11-07,09:50:00,10:15:00,26
1193,33,2023-11-07,12:15:00,18:30:00,29
1194,26,2023-11-07,15:35:00,17:30:00,33
1195,9,2023-11-08,14:42:00,16:37:00,26
1196,32,2023-11-10,22:35:00,22:50:00,33
1197,19,2023-11-10,19:19:00,20:19:00,19
1198,13,2023-11-13,16:30:00,18:15:00,19
1199,6,2023-11-13,20:22:00,20:52:00,27
1200,4,2023-11-13,07:53:00,11:18:00,27
1201,5,2023-11-14,06:21:00,10:41:00,29
1202,1,2023-11-15,17:31:00,18:01:00,12
1203,5,2023-11-15,14:53:00,18:13:00,20
1204,7,2023-11-17,06:56:00,10:21:00,30
1205,27,2023-11-17,17:17:00,20:47:00,26
1206,34,2023-11-17,06:44:00,08:44:00,28
1207,26,2023-11-17,07:52:00,12:57:00,34
1208,20,2023-11-20,08:45:00,12:55:00,27
1209,26,2023-11-21,08:37:00,11:17:00,27
1210,32,2023-11-21,18:44:00,19:44:00,26
1211,29,2023-11-21,19:29:00,20:39:00,26
1212,22,2023-11-21,18:29:00,19:29:00,26
1213,21,2023-11-22,16:45:00,21:55:00,35
1214,17,2023-11-22,08:46:00,12:21:00,23
1215,4,2023-11-22,10:29:00,13:59:00,31
1216,11,2023-11-24,12:11:00,15:26:00,18
1217,21,2023-11-24,12:11:00,14:11:00,26
1218,26,2023-11-27,16:27:00,21:52:00,27
1219,12,2023-11-27,06:13:00,08:28:00,26
1220,1,2023-11-27,07:25:00,10:05:00,9
1221,7,2023-11-27,06:04:00,09:04:00,29
1222,11,2023-11-27,16:26:00,17:56:00,29
1223,25,2023-11-29,19:35:00,20:35:00,17
1224,7,2023-11-29,21:11:00,22:11:00,18
1225,5,2023-11-30,14:47:00,16:12:00,29
1226,30,2023-12-01,15:54:00,18:49:00,11
1227,8,2023-12-01,16:40:00,18:40:00,8
1228,4,2023-12-04,08:14:00,09:29:00,22
1229,2,2023-12-04,14:40:00,19:15:00,29
1230,28,2023-12-04,11:48:00,15:23:00,21
1231,32,2023-12-06,06:42:00,10:22:00,31
1232,1,2023-12-06,07:36:00,09:06:00,35
1233,1,2023-12-07,07:57:00,11:02:00,31
1234,3,2023-12-07,06:02:00,10:07:00,18
1235,34,2023-12-07,07:15:00,10:50:00,13
1236,8,2023-12-07,18:36:00,21:26:00,26
1237,31,2023-12-07,09:24:00,09:49:00,29
1238,10,2023-12-11,14:43:00,16:48:00,17
1239,18,2023-12-11,16:05:00,20:50:00,28
1240,26,2023-12-11,14:19:00,16:59:00,21
1241,31,2023-12-11,16:54:00,18:59:00,27
1242,23,2023-12-12,14:08:00,17:23:00,28
1243,13,2023-12-13,15:23:00,16:23:00,22
1244,2,2023-12-13,11:38:00,14:08:00,21
1245,3,2023-12-15,09:21:00,09:51:00,36
1246,17,2023-12-15,14:12:00,15:27:00,27
1247,30,2023-12-15,18:47:00,21:42:00,30
1248,16,2023-12-18,06:50:00,09:20:00,27
1249,7,2023-12-18,09:53:00,11:03:00,16
1250,3,2023-12-18,15:04:00,18:39:00,27
1251,21,2023-12-18,17:45:00,18:30:00,23
1252,12,2023-12-19,16:46:00,22:21:00,31
1253,14,2023-12-19,21:57:00,22:22:00,4
1254,34,2023-12-20,16:59:00,22:19:00,14
1255,23,2023-12-20,17:54:00,22:19:00,29
1256,12,2023-12-21,13:53:00,17:23:00,18
1257,16,2023-12-21,20:52:00,22:52:00,34
1258,23,2023-12-21,14:31:00,19:01:00,26
1259,21,2023-12-22,09:43:00,11:43:00,26
1260,30,2023-12-27,09:13:00,10:28:00,29
1261,21,2023-12-27,06:08:00,09:03:00,24
1262,8,2023-12-27,08:22:00,11:47:00,29
1263,33,2023-12-27,17:43:00,18:43:00,19
1264,27,2023-12-27,06:46:00,09:41:00,27
1265,15,2023-12-28,16:50:00,21:50:00,30
1266,12,2023-12-28,08:37:00,11:42:00,27
1267,20,2023-12-29,13:50:00,19:25:00,27
1268,2,2023-12-29,11:16:00,13:51:00,30
1269,1,2023-12-29,11:18:00,11:33:00,26
1270,29,2023-12-29,12:19:00,12:34:00,4
1271,5,2023-12-29,10:09:00,13:19:00,19
1272,23,2024-01-03,11:03:00,15:28:00,26
1273,6,2024-01-03,11:08:00,14:23:00,23
1274,31,2024-01-03,17:37:00,19:47:00,18
1275,22,2024-01-03,07:06:00,10:31:00,27
1276,26,2024-01-03,16:50:00,20:40:00,26
1277,18,2024-01-04,10:37:00,14:07:00,26
1278,22,2024-01-04,09:44:00,12:34:00,26
1279,8,2024-01-04,15:43:00,19:08:00,27
1280,24,2024-01-04,19:05:00,19:35:00,26
1281,17,2024-01-04,14:04:00,15:34:00,33
1282,2,2024-01-09,10:52:00,16:32:00,17
1283,18,2024-01-10,06:25:00,11:40:00,27
1284,19,2024-01-10,17:37:00,22:52:00,26
1285,2,2024-01-12,16:06:00,16:21:00,27
1286,12,2024-01-15,13:22:00,17:02:00,11
1287,10,2024-01-16,14:12:00,15:12:00,27
1288,8,2024-01-16,10:14:00,15:39:00,26
1289,34,2024-01-16,06:57:00,12:37:00,21
1290,21,2024-01-16,11:08:00,13:08:00,27
1291,11,2024-01-17,09:01:00,12:11:00,34
1292,20,2024-01-17,14:47:00,17:07:00,26
1293,13,2024-01-17,18:14:00,21:59:00,32
1294,5,2024-01-17,14:38:00,20:03:00,26
1295,34,2024-01-18,15:58:00,21:58:00,27
1296,10,2024-01-18,10:45:00,15:35:00,26
1297,8,2024-01-18,19:55:00,20:55:00,27
1298,3,2024-01-18,07:16:00,09:21:00,26
1299,33,2024-01-19,07:17:00,11:17:00,27
1300,16,2024-01-19,09:01:00,11:51:00,27
1301,29,2024-01-19,14:55:00,18:30:00,12
1302,31,2024-01-19,19:15:00,19:55:00,14
1303,11,2024-01-19,10:27:00,14:27:00,28
1304,17,2024-01-22,13:46:00,16:16:00,6
1305,2,2024-01-22,11:20:00,13:25:00,15
1306,23,2024-01-22,19:37:00,22:07:00,5
1307,14,2024-01-22,06:44:00,08:49:00,13
1308,29,2024-01-24,18:04:00,22:24:00,26
1309,2,2024-01-25,11:05:00,12:35:00,4
1310,21,2024-01-25,07:12:00,07:37:00,27
1311,16,2024-01-31,17:23:00,18:23:00,27
1312,25,2024-01-31,15:18:00,22:23:00,22
1313,8,2024-02-01,18:53:00,22:03:00,35
1314,20,2024-02-01,16:36:00,18:21:00,27
1315,31,2024-02-01,15:15:00,19:30:00,21
1316,27,2024-02-01,08:55:00,09:25:00,19
1317,31,2024-02-02,08:32:00,09:32:00,10
1318,21,2024-02-02,15:08:00,19:08:00,32
1319,29,2024-02-02,15:04:00,18:29:00,28
1320,30,2024-02-02,16:47:00,18:52:00,26
1321,20,2024-02-02,11:15:00,13:00:00,26
1322,17,2024-02-05,17:37:00,21:17:00,26
1323,6,2024-02-06,14:33:00,17:53:00,27
1324,33,2024-02-06,10:50:00,12:55:00,27
1325,12,2024-02-06,14:23:00,16:38:00,31
1326,8,2024-02-07,12:05:00,15:55:00,22
1327,13,2024-02-07,10:24:00,12:09:00,23
1328,9,2024-02-07,18:44:00,22:24:00,27
1329,8,2024-02-07,17:22:00,18:22:00,26
1330,19,2024-02-07,11:29:00,14:19:00,26
1331,7,2024-02-09,18:44:00,19:44:00,27
1332,32,2024-02-13,18:05:00,20:10:00,36
1333,10,2024-02-13,19:18:00,20:13:00,19
1334,9,2024-02-14,18:09:00,18:39:00,26
1335,13,2024-02-14,13:34:00,16:39:00,3
1336,23,2024-02-14,10:27:00,12:52:00,15
1337,21,2024-02-14,10:12:00,12:17:00,26
1338,14,2024-02-15,07:37:00,10:37:00,31
1339,25,2024-02-15,18:44:00,22:49:00,28
1340,31,2024-02-15,17:47:00,19:32:00,26
1341,14,2024-02-16,06:59:00,07:59:00,27
1342,7,2024-02-21,10:44:00,14:14:00,27
1343,9,2024-02-21,18:41:00,20:21:00,26
1344,19,2024-02-23,18:28:00,20:33:00,2
1345,1,2024-02-23,14:38:00,17:13:00,31
1346,8,2024-02-23,17:23:00,17:53:00,34
1347,22,2024-02-23,08:16:00,13:01:00,27
1348,32,2024-02-27,09:15:00,12:20:00,27
1349,17,2024-02-27,10:58:00,13:48:00,16
1350,20,2024-02-27,07:33:00,09:38:00,26
1351,11,2024-02-27,07:02:00,07:17:00,26
1352,9,2024-02-27,13:35:00,16:10:00,33
1353,1,2024-02-28,08:40:00,12:40:00,32
1354,25,2024-02-28,12:20:00,17:50:00,36
1355,17,2024-02-28,18:59:00,19:44:00,27
1356,30,2024-02-28,12:15:00,13:45:00,22
1357,17,2024-02-29,16:11:00,19:41:00,27
1358,9,2024-02-29,06:30:00,09:00:00,26
1359,3,2024-02-29,12:50:00,15:05:00,36
1360,7,2024-02-29,16:55:00,17:10:00,22
1361,34,2024-03-01,16:10:00,18:20:00,27
1362,9,2024-03-01,14:02:00,21:12:00,27
1363,18,2024-03-01,07:46:00,08:11:00,27
1364,4,2024-03-01,19:41:00,22:41:00,19
1365,4,2024-03-01,14:45:00,19:30:00,27
1366,24,2024-03-04,12:03:00,16:08:00,26
1367,33,2024-03-04,07:41:00,12:06:00,27
1368,26,2024-03-06,12:17:00,15:52:00,28
1369,25,2024-03-06,08:39:00,09:39:00,26
1370,16,2024-03-06,06:56:00,08:11:00,26
1371,31,2024-03-06,08:36:00,09:06:00,31
1372,9,2024-03-06,11:24:00,13:39:00,31
1373,12,2024-03-07,08:29:00,10:59:00,10
1374,9,2024-03-08,13:33:00,14:03:00,26
1375,11,2024-03-11,16:27:00,17:27:00,20
1376,27,2024-03-11,09:28:00,11:33:00,27
1377,1,2024-03-11,09:09:00,09:24:00,27
1378,34,2024-03-12,18:00:00,21:10:00,33
1379,7,2024-03-13,11:33:00,14:03:00,27
1380,19,2024-03-13,09:50:00,13:05:00,28
1381,32,2024-03-13,12:08:00,16:08:00,28
1382,34,2024-03-13,18:36:00,21:51:00,30
1383,7,2024-03-13,16:36:00,19:01:00,34
1384,29,2024-03-14,08:12:00,11:17:00,31
1385,20,2024-03-14,19:34:00,21:29:00,29
1386,1,2024-03-15,18:23:00,18:48:00,27
1387,30,2024-03-15,06:07:00,08:12:00,31
1388,9,2024-03-18,10:26:00,14:36:00,27
1389,14,2024-03-18,07:26:00,09:36:00,2
1390,6,2024-03-19,07:21:00,08:36:00,30
1391,15,2024-03-19,20:40:00,21:40:00,16
1392,31,2024-03-19,14:36:00,14:51:00,26
1393,25,2024-03-19,12:04:00,13:34:00,26
1394,27,2024-03-20,07:03:00,11:58:00,26
1395,31,2024-03-20,15:05:00,19:00:00,25
1396,15,2024-03-20,10:53:00,14:33:00,35
1397,20,2024-03-22,19:37:00,21:57:00,28
1398,4,2024-03-22,11:58:00,12:13:00,15
1399,1,2024-03-22,09:42:00,13:57:00,26
1400,31,2024-03-22,08:53:00,13:18:00,27
1401,4,2024-03-25,17:50:00,20:00:00,28
1402,20,2024-03-25,20:26:00,20:51:00,32
1403,13,2024-03-25,21:46:00,22:46:00,26
1404,1,2024-03-25,09:37:00,11:52:00,27
1405,18,2024-03-25,12:37:00,14:37:00,26
1406,17,2024-03-26,16:25:00,18:45:00,36
1407,5,2024-03-26,07:08:00,10:23:00,34
1408,11,2024-03-26,08:33:00,10:33:00,26
1409,30,2024-03-26,19:43:00,21:38:00,27
1410,29,2024-03-27,16:52:00,18:32:00,22
1411,28,2024-03-27,06:26:00,10:16:00,33
1412,15,2024-03-27,06:23:00,07:38:00,7
1413,25,2024-03-27,12:16:00,13:01:00,14
1414,13,2024-03-28,18:13:00,21:13:00,27
1415,21,2024-03-28,19:43:00,20:13:00,34
1416,27,2024-03-28,09:58:00,11:23:00,27
1417,11,2024-03-28,12:25:00,12:55:00,32
1418,11,2024-04-02,19:02:00,21:32:00,15
1419,21,2024-04-02,20:01:00,21:01:00,16
1420,15,2024-04-02,19:49:00,20:29:00,18
1421,4,2024-04-03,16:18:00,19:18:00,4
1422,29,2024-04-03,19:16:00,21:21:00,1
1423,33,2024-04-03,06:21:00,08:21:00,10
1424,29,2024-04-03,06:04:00,08:59:00,35
1425,14,2024-04-05,07:23:00,08:53:00,17
1426,33,2024-04-05,16:19:00,19:04:00,35
1427,19,2024-04-05,12:14:00,13:54:00,34
1428,1,2024-04-08,06:40:00,09:55:00,26
1429,29,2024-04-08,09:43:00,10:08:00,23
1430,11,2024-04-08,12:29:00,17:19:00,22
1431,26,2024-04-09,12:06:00,16:11:00,27
1432,16,2024-04-09,09:18:00,13:38:00,27
1433,25,2024-04-09,19:40:00,21:45:00,26
1434,13,2024-04-09,15:34:00,17:39:00,26
1435,25,2024-04-10,14:27:00,18:17:00,16
1436,5,2024-04-10,18:57:00,20:27:00,26
1437,17,2024-04-11,19:22:00,20:22:00,26
1438,5,2024-04-11,14:45:00,20:55:00,22
1439,2,2024-04-11,06:13:00,08:43:00,13
1440,19,2024-04-11,07:10:00,09:30:00,31
1441,7,2024-04-11,15:09:00,17:49:00,27
1442,16,2024-04-12,14:36:00,16:56:00,30
1443,23,2024-04-12,18:58:00,22:38:00,11
1444,24,2024-04-12,19:01:00,22:16:00,34
1445,3,2024-04-15,08:19:00,08:34:00,30
1446,26,2024-04-15,17:44:00,19:39:00,6
1447,23,2024-04-15,17:03:00,21:38:00,26
1448,31,2024-04-15,11:09:00,13:39:00,28
1449,8,2024-04-15,10:55:00,14:50:00,32
1450,21,2024-04-17,10:23:00,13:53:00,26
1451,14,2024-04-17,16:41:00,19:46:00,32
1452,20,2024-04-17,16:26:00,17:26:00,27
1453,30,2024-04-17,08:52:00,11:12:00,34
1454,4,2024-04-18,14:19:00,16:34:00,27
1455,22,2024-04-18,10:50:00,16:00:00,33
1456,13,2024-04-18,07:42:00,10:02:00,15
1457,20,2024-04-18,17:16:00,17:46:00,26
1458,21,2024-04-19,08:24:00,10:34:00,3
1459,29,2024-04-19,07:32:00,12:02:00,7
1460,27,2024-04-22,10:52:00,13:17:00,18
1461,14,2024-04-22,17:06:00,18:36:00,26
1462,8,2024-04-22,07:33:00,07:48:00,30
1463,17,2024-04-22,13:27:00,15:47:00,25
1464,33,2024-04-23,07:58:00,10:03:00,33
1465,16,2024-04-23,11:58:00,13:13:00,13
1466,20,2024-04-23,20:12:00,21:42:00,31
1467,18,2024-04-25,18:07:00,22:07:00,27
1468,6,2024-04-26,16:29:00,18:34:00,26
1469,23,2024-04-26,10:16:00,12:36:00,26
1470,18,2024-04-29,13:09:00,14:09:00,33
1471,17,2024-04-29,15:36:00,15:51:00,10
1472,11,2024-04-30,15:34:00,15:49:00,27
1473,30,2024-04-30,09:16:00,14:31:00,2
1474,27,2024-04-30,09:58:00,10:38:00,11
1475,18,2024-04-30,15:36:00,18:21:00,10
1476,2,2024-05-01,13:08:00,18:13:00,28
1477,26,2024-05-02,07:11:00,08:36:00,30
1478,33,2024-05-02,19:46:00,21:16:00,26
1479,15,2024-05-02,07:36:00,10:06:00,14
1480,29,2024-05-02,16:25:00,16:55:00,27
1481,19,2024-05-07,08:44:00,11:09:00,3
1482,10,2024-05-09,14:26:00,17:51:00,26
1483,32,2024-05-09,06:32:00,08:47:00,27
1484,24,2024-05-09,13:27:00,13:42:00,16
1485,34,2024-05-09,12:40:00,16:20:00,5
1486,18,2024-05-10,12:48:00,13:03:00,35
1487,7,2024-05-10,11:04:00,17:39:00,34
1488,22,2024-05-13,16:31:00,17:31:00,26
1489,33,2024-05-13,08:59:00,11:29:00,10
1490,27,2024-05-13,12:57:00,18:37:00,19
1491,14,2024-05-13,09:28:00,12:48:00,1
1492,21,2024-05-13,12:26:00,13:11:00,26
1493,19,2024-05-14,06:54:00,08:39:00,20
1494,22,2024-05-14,20:01:00,21:01:00,25
1495,25,2024-05-14,14:43:00,15:13:00,32
1496,12,2024-05-14,12:20:00,13:00:00,25
1497,28,2024-05-15,15:15:00,18:20:00,26
1498,33,2024-05-16,07:38:00,10:53:00,19
1499,8,2024-05-16,06:50:00,12:15:00,26
1500,21,2024-05-16,20:17:00,20:32:00,14
1501,11,2024-05-16,08:11:00,12:31:00,27
1502,2,2024-05-17,09:44:00,12:44:00,33
1503,9,2024-05-17,09:44:00,13:04:00,31
1504,31,2024-05-21,10:37:00,15:22:00,35
1505,11,2024-05-21,16:04:00,16:29:00,27
1506,19,2024-05-22,14:28:00,15:58:00,33
1507,23,2024-05-22,06:49:00,12:24:00,4
1508,15,2024-05-23,14:56:00,19:16:00,26
1509,9,2024-05-23,06:31:00,07:46:00,24
1510,18,2024-05-23,08:59:00,10:14:00,11
1511,34,2024-05-24,10:45:00,13:05:00,21
1512,20,2024-05-24,18:36:00,21:16:00,27
1513,24,2024-05-24,20:31:00,22:36:00,20
1514,27,2024-05-24,14:20:00,19:05:00,19
1515,4,2024-05-27,15:20:00,17:55:00,31
1516,31,2024-05-27,15:25:00,16:40:00,27
1517,28,2024-05-27,14:40:00,18:45:00,27
1518,8,2024-05-27,17:51:00,22:26:00,15
1519,3,2024-05-28,16:57:00,20:32:00,28
1520,30,2024-05-28,16:33:00,17:33:00,13
1521,33,2024-05-28,07:58:00,09:53:00,30
1522,1,2024-05-29,17:29:00,20:44:00,36
1523,25,2024-05-31,08:01:00,10:31:00,29
1524,6,2024-05-31,11:08:00,14:53:00,34
1525,16,2024-06-03,15:41:00,17:36:00,30
1526,17,2024-06-03,15:03:00,18:23:00,26
1527,14,2024-06-03,13:38:00,16:13:00,26
1528,12,2024-06-03,07:41:00,09:36:00,27
1529,5,2024-06-03,08:37:00,09:37:00,27
1530,3,2024-06-04,13:25:00,19:05:00,26
1531,1,2024-06-05,11:45:00,17:15:00,29
1532,4,2024-06-05,18:44:00,19:14:00,26
1533,29,2024-06-05,08:27:00,12:12:00,11
1534,2,2024-06-06,11:23:00,14:43:00,35
1535,33,2024-06-06,06:26:00,07:11:00,22
1536,6,2024-06-06,11:22:00,11:37:00,28
1537,15,2024-06-06,07:43:00,09:38:00,27
1538,7,2024-06-07,13:27:00,17:32:00,27
1539,16,2024-06-07,16:55:00,21:50:00,35
1540,24,2024-06-07,09:11:00,11:41:00,28
1541,25,2024-06-07,11:43:00,12:43:00,27
1542,10,2024-06-07,07:20:00,11:00:00,28
1543,13,2024-06-10,16:38:00,19:53:00,30
1544,26,2024-06-10,19:34:00,22:09:00,27
1545,12,2024-06-10,12:56:00,18:31:00,27
1546,21,2024-06-10,16:31:00,18:46:00,28
1547,18,2024-06-10,07:07:00,08:07:00,34
1548,10,2024-06-12,11:54:00,14:39:00,27
1549,9,2024-06-12,06:55:00,09:00:00,28
1550,33,2024-06-13,10:17:00,12:52:00,18
1551,16,2024-06-13,15:45:00,19:45:00,3
1552,32,2024-06-14,14:54:00,15:54:00,26
1553,33,2024-06-14,09:14:00,09:44:00,36
1554,22,2024-06-18,12:44:00,13:44:00,26
1555,9,2024-06-18,13:57:00,14:12:00,3
1556,15,2024-06-19,20:13:00,21:28:00,31
1557,17,2024-06-19,15:25:00,15:50:00,24
1558,22,2024-06-19,17:02:00,17:27:00,30
1559,21,2024-06-20,11:10:00,12:55:00,26
1560,26,2024-06-20,10:33:00,14:23:00,28
1561,25,2024-06-20,16:17:00,16:47:00,23
1562,18,2024-06-20,16:26:00,17:41:00,26
1563,20,2024-06-20,18:11:00,22:16:00,17
1564,18,2024-06-21,15:35:00,20:30:00,23
1565,9,2024-06-21,07:54:00,09:49:00,34
1566,28,2024-06-25,17:57:00,21:57:00,26
1567,5,2024-06-25,18:57:00,21:32:00,24
1568,21,2024-06-25,10:00:00,12:40:00,32
1569,25,2024-06-25,20:14:00,22:09:00,36
1570,21,2024-06-25,15:46:00,21:46:00,26
1571,17,2024-06-27,15:44:00,17:44:00,9
1572,15,2024-06-27,17:50:00,22:45:00,31
1573,34,2024-06-27,09:52:00,10:52:00,29
1574,2,2024-06-27,06:53:00,10:08:00,25
1575,30,2024-06-27,13:31:00,16:11:00,31
1576,31,2024-06-28,13:08:00,15:03:00,5
1577,14,2024-06-28,08:17:00,10:47:00,24
1578,24,2024-06-28,07:11:00,10:46:00,30
1579,1,2024-06-28,15:01:00,20:06:00,34
1580,26,2024-07-05,09:10:00,11:30:00,26
1581,32,2024-07-05,11:16:00,14:36:00,36
1582,33,2024-07-05,10:32:00,10:47:00,24
1583,23,2024-07-05,11:12:00,13:17:00,29
1584,30,2024-07-08,14:44:00,15:44:00,28
1585,4,2024-07-08,13:15:00,15:25:00,31
1586,13,2024-07-08,15:48:00,16:48:00,3
1587,24,2024-07-09,14:47:00,17:07:00,29
1588,4,2024-07-09,10:20:00,12:25:00,29
1589,10,2024-07-10,20:29:00,20:59:00,6
1590,26,2024-07-10,07:07:00,07:47:00,21
1591,7,2024-07-10,08:33:00,12:18:00,30
1592,32,2024-07-11,14:37:00,17:07:00,36
1593,23,2024-07-12,12:21:00,13:51:00,30
1594,4,2024-07-12,07:10:00,10:05:00,30
1595,5,2024-07-12,17:06:00,21:06:00,7
1596,21,2024-07-15,08:37:00,14:02:00,27
1597,29,2024-07-15,08:58:00,09:53:00,14
1598,30,2024-07-15,13:46:00,17:46:00,9
1599,17,2024-07-15,15:18:00,16:43:00,15
1600,2,2024-07-15,12:38:00,16:13:00,30
1601,14,2024-07-16,09:46:00,12:21:00,27
1602,26,2024-07-17,14:18:00,16:03:00,22
1603,19,2024-07-17,10:33:00,13:23:00,20
1604,10,2024-07-17,14:10:00,16:05:00,10
1605,1,2024-07-18,14:53:00,17:33:00,15
1606,2,2024-07-18,17:17:00,21:32:00,27
1607,24,2024-07-18,11:48:00,12:48:00,27
1608,18,2024-07-19,19:01:00,20:56:00,26
1609,6,2024-07-22,14:48:00,18:33:00,26
1610,32,2024-07-22,18:59:00,20:09:00,27
1611,1,2024-07-22,17:42:00,22:07:00,26
1612,14,2024-07-22,08:57:00,09:12:00,18
1613,22,2024-07-22,20:51:00,22:01:00,27
1614,8,2024-07-23,12:50:00,13:05:00,25
1615,29,2024-07-23,06:50:00,09:10:00,28
1616,31,2024-07-24,11:54:00,13:59:00,23
1617,18,2024-07-24,11:35:00,14:40:00,27
1618,2,2024-07-24,07:56:00,08:41:00,30
1619,14,2024-07-26,13:13:00,16:03:00,27
1620,18,2024-07-26,16:45:00,20:05:00,31
1621,15,2024-07-30,12:13:00,15:28:00,9
1622,26,2024-07-30,20:00:00,20:25:00,6
1623,20,2024-07-31,12:28:00,14:53:00,33
1624,2,2024-07-31,12:59:00,16:49:00,29
1625,33,2024-07-31,10:25:00,12:50:00,21
1626,21,2024-07-31,10:27:00,16:27:00,26
1627,33,2024-08-01,16:52:00,17:07:00,18
1628,17,2024-08-06,17:44:00,19:44:00,26
1629,22,2024-08-06,06:56:00,10:36:00,27
1630,3,2024-08-06,15:33:00,19:43:00,31
1631,30,2024-08-06,15:04:00,15:34:00,24
1632,12,2024-08-08,14:38:00,15:08:00,27
1633,17,2024-08-09,10:39:00,15:34:00,27
1634,5,2024-08-09,18:56:00,21:36:00,3
1635,15,2024-08-09,14:32:00,15:57:00,27
1636,3,2024-08-09,13:11:00,18:16:00,28
1637,23,2024-08-09,18:23:00,21:43:00,26
1638,11,2024-08-12,15:42:00,21:07:00,22
1639,17,2024-08-12,20:01:00,22:31:00,30
1640,9,2024-08-12,19:30:00,21:15:00,18
1641,13,2024-08-13,17:52:00,18:07:00,26
1642,30,2024-08-13,18:46:00,20:31:00,26
1643,13,2024-08-13,13:12:00,15:42:00,27
1644,34,2024-08-14,13:40:00,16:25:00,12
1645,13,2024-08-14,20:29:00,21:44:00,13
1646,16,2024-08-14,12:34:00,17:59:00,27
1647,12,2024-08-14,07:00:00,09:30:00,16
1648,28,2024-08-15,16:50:00,18:20:00,23
1649,23,2024-08-15,09:27:00,15:02:00,19
1650,19,2024-08-15,19:33:00,22:48:00,21
1651,19,2024-08-15,10:46:00,13:51:00,35
1652,26,2024-08-16,13:43:00,15:43:00,26
1653,17,2024-08-16,15:16:00,17:31:00,29
1654,5,2024-08-19,17:00:00,18:40:00,25
1655,28,2024-08-19,13:43:00,14:58:00,27
1656,5,2024-08-19,19:27:00,22:07:00,33
1657,16,2024-08-21,11:41:00,15:56:00,30
1658,5,2024-08-21,18:04:00,18:59:00,20
1659,27,2024-08-22,10:57:00,13:12:00,31
1660,22,2024-08-22,09:51:00,12:01:00,33
1661,25,2024-08-23,18:08:00,21:43:00,16
1662,31,2024-08-23,17:48:00,18:43:00,36
1663,21,2024-08-23,06:12:00,10:02:00,30
1664,23,2024-08-23,15:00:00,18:35:00,26
1665,31,2024-08-23,09:23:00,11:08:00,27
1666,2,2024-08-26,13:03:00,14:03:00,15
1667,31,2024-08-26,14:13:00,15:28:00,27
1668,1,2024-08-26,18:24:00,21:09:00,7
1669,27,2024-08-27,12:33:00,17:33:00,28
1670,19,2024-08-27,18:04:00,20:14:00,28
1671,24,2024-08-27,21:01:00,21:16:00,18
1672,22,2024-08-27,13:28:00,14:13:00,31
1673,9,2024-08-27,09:57:00,11:37:00,27
1674,30,2024-08-28,07:38:00,10:13:00,30
1675,22,2024-08-29,12:52:00,17:12:00,29
1676,30,2024-08-29,17:05:00,22:05:00,27
1677,1,2024-08-30,14:24:00,15:39:00,26
1678,20,2024-09-03,12:39:00,15:44:00,33
1679,12,2024-09-03,06:23:00,07:38:00,26
1680,5,2024-09-04,09:12:00,14:32:00,8
1681,3,2024-09-05,07:03:00,10:38:00,24
1682,15,2024-09-06,09:49:00,13:24:00,18
1683,31,2024-09-06,12:47:00,13:47:00,20
1684,24,2024-09-06,17:10:00,17:40:00,26
1685,6,2024-09-09,17:30:00,21:45:00,27
1686,12,2024-09-10,15:58:00,20:38:00,22
1687,25,2024-09-11,13:32:00,17:02:00,27
1688,12,2024-09-11,16:17:00,17:17:00,29
1689,16,2024-09-11,13:33:00,17:08:00,6
1690,1,2024-09-12,14:07:00,15:32:00,27
1691,26,2024-09-12,19:14:00,21:29:00,28
1692,2,2024-09-12,08:48:00,09:18:00,27
1693,31,2024-09-12,09:05:00,10:05:00,26
1694,21,2024-09-13,11:34:00,13:54:00,32
1695,16,2024-09-17,09:58:00,10:58:00,10
1696,26,2024-09-17,13:34:00,17:59:00,27
1697,19,2024-09-17,16:29:00,19:44:00,27
1698,18,2024-09-17,17:50:00,21:40:00,26
1699,16,2024-09-18,10:14:00,12:24:00,34
1700,18,2024-09-18,12:07:00,15:47:00,27
1701,23,2024-09-23,11:26:00,11:41:00,31
1702,22,2024-09-23,15:26:00,16:11:00,31
1703,28,2024-09-23,22:00:00,22:15:00,27
1704,24,2024-09-23,18:54:00,20:04:00,34
1705,33,2024-09-24,15:21:00,16:46:00,30
1706,18,2024-09-24,19:50:00,21:45:00,26
1707,2,2024-09-24,21:14:00,21:44:00,11
1708,33,2024-09-24,08:37:00,08:52:00,27
1709,34,2024-09-24,19:41:00,22:01:00,30
1710,24,2024-09-25,18:04:00,21:49:00,28
1711,5,2024-09-25,09:29:00,15:24:00,23
1712,6,2024-09-25,09:07:00,15:12:00,27
1713,18,2024-09-25,17:28:00,17:58:00,35
1714,25,2024-09-26,10:45:00,11:10:00,22
1715,22,2024-09-26,10:48:00,11:18:00,27
1716,17,2024-09-27,06:07:00,08:32:00,19
1717,13,2024-09-27,13:01:00,14:56:00,32
1718,29,2024-09-30,12:32:00,13:47:00,35
1719,4,2024-09-30,20:25:00,22:30:00,31
1720,27,2024-10-01,20:22:00,21:22:00,31
1721,21,2024-10-01,14:54:00,16:24:00,31
1722,11,2024-10-03,16:16:00,18:21:00,3
1723,21,2024-10-04,17:12:00,18:12:00,26
1724,6,2024-10-04,16:26:00,19:06:00,30
1725,15,2024-10-04,11:23:00,14:08:00,26
1726,7,2024-10-04,13:15:00,17:30:00,30
1727,10,2024-10-04,09:11:00,15:51:00,29
1728,6,2024-10-07,12:08:00,14:58:00,7
1729,7,2024-10-07,10:59:00,13:04:00,16
1730,17,2024-10-08,18:29:00,22:34:00,23
1731,11,2024-10-08,11:22:00,11:52:00,9
1732,1,2024-10-08,13:03:00,16:03:00,26
1733,15,2024-10-16,17:41:00,19:41:00,27
1734,10,2024-10-16,17:47:00,20:52:00,31
1735,15,2024-10-17,06:40:00,08:45:00,27
1736,12,2024-10-17,13:51:00,17:06:00,27
1737,29,2024-10-17,07:00:00,07:30:00,27
1738,18,2024-10-18,15:20:00,17:25:00,12
1739,24,2024-10-18,18:51:00,20:21:00,27
1740,25,2024-10-22,12:56:00,17:06:00,31
1741,12,2024-10-22,17:37:00,20:17:00,27
1742,33,2024-10-22,11:30:00,13:00:00,35
1743,25,2024-10-23,14:25:00,18:50:00,34
1744,10,2024-10-23,07:45:00,09:15:00,10
1745,22,2024-10-23,09:33:00,12:18:00,2
1746,21,2024-10-23,16:04:00,17:34:00,27
1747,33,2024-10-24,13:13:00,16:48:00,11
1748,1,2024-10-24,13:40:00,14:55:00,27
1749,32,2024-10-24,09:19:00,14:34:00,22
1750,3,2024-10-28,17:15:00,20:00:00,25
1751,29,2024-10-28,12:50:00,15:35:00,26
1752,24,2024-10-28,16:50:00,19:05:00,21
1753,27,2024-10-28,17:07:00,17:22:00,29
1754,26,2024-10-28,18:08:00,19:38:00,11
1755,15,2024-10-30,11:22:00,16:07:00,27
1756,14,2024-10-30,14:20:00,17:05:00,35
1757,24,2024-10-30,15:13:00,17:53:00,28
1758,32,2024-10-31,16:01:00,18:01:00,28
1759,30,2024-10-31,07:22:00,10:17:00,27
1760,17,2024-10-31,07:38:00,10:13:00,35
1761,5,2024-10-31,12:24:00,12:54:00,21
1762,9,2024-10-31,17:02:00,19:52:00,27
1763,14,2024-11-06,12:26:00,16:41:00,15
1764,19,2024-11-06,09:58:00,13:33:00,16
1765,18,2024-11-06,15:46:00,17:56:00,35
1766,20,2024-11-06,18:16:00,20:31:00,13
1767,14,2024-11-07,17:36:00,18:01:00,16
1768,6,2024-11-07,15:58:00,17:58:00,35
1769,8,2024-11-07,18:27:00,21:27:00,27
1770,34,2024-11-07,16:40:00,19:45:00,27
1771,16,2024-11-08,08:28:00,12:48:00,30
1772,5,2024-11-08,18:02:00,18:32:00,33
1773,26,2024-11-12,15:24:00,16:04:00,20
1774,14,2024-11-12,18:13:00,18:28:00,26
1775,30,2024-11-12,09:32:00,12:07:00,27
1776,9,2024-11-14,18:28:00,18:43:00,28
1777,17,2024-11-15,18:21:00,20:36:00,28
1778,30,2024-11-15,12:17:00,14:57:00,15
1779,20,2024-11-15,15:37:00,17:42:00,23
1780,26,2024-11-15,14:12:00,15:12:00,29
1781,18,2024-11-15,19:06:00,22:01:00,26
1782,28,2024-11-18,13:59:00,17:24:00,27
1783,29,2024-11-20,08:17:00,11:37:00,29
1784,16,2024-11-20,14:54:00,17:59:00,34
1785,25,2024-11-20,14:02:00,18:32:00,19
1786,31,2024-11-20,09:58:00,10:43:00,27
1787,29,2024-11-21,15:15:00,18:20:00,23
1788,20,2024-11-21,16:47:00,17:12:00,26
1789,4,2024-11-22,06:20:00,07:50:00,27
1790,15,2024-11-22,16:34:00,21:14:00,26
1791,11,2024-11-22,19:12:00,21:37:00,12
1792,32,2024-11-25,13:16:00,13:31:00,27
1793,17,2024-11-25,12:00:00,16:05:00,29
1794,19,2024-11-25,18:30:00,21:00:00,18
1795,13,2024-11-26,09:53:00,14:18:00,25
1796,15,2024-11-26,21:01:00,21:46:00,26
1797,19,2024-11-27,18:32:00,19:02:00,30
1798,16,2024-11-28,09:23:00,11:23:00,28
1799,28,2024-11-28,09:38:00,11:43:00,26
1800,10,2024-11-28,13:44:00,17:34:00,26
1801,26,2024-11-28,19:07:00,21:32:00,36
1802,7,2024-11-29,15:57:00,17:12:00,17
1803,21,2024-12-02,09:31:00,12:56:00,26
1804,1,2024-12-02,13:52:00,17:52:00,25
1805,30,2024-12-02,07:07:00,09:52:00,16
1806,8,2024-12-03,20:07:00,21:22:00,27
1807,14,2024-12-03,09:39:00,11:04:00,2
1808,23,2024-12-03,12:04:00,14:39:00,29
1809,30,2024-12-03,06:18:00,10:13:00,26
1810,19,2024-12-03,19:30:00,22:30:00,18
1811,31,2024-12-04,06:32:00,08:32:00,18
1812,4,2024-12-04,09:19:00,15:34:00,30
1813,28,2024-12-05,07:30:00,09:35:00,3
1814,23,2024-12-05,11:01:00,12:56:00,27
1815,19,2024-12-05,07:28:00,08:28:00,23
1816,11,2024-12-06,06:39:00,10:14:00,27
1817,7,2024-12-09,21:14:00,22:24:00,3
1818,26,2024-12-10,09:59:00,15:24:00,28
1819,24,2024-12-10,09:40:00,11:45:00,34
1820,16,2024-12-11,08:02:00,13:17:00,21
1821,24,2024-12-11,21:15:00,21:30:00,15
1822,34,2024-12-12,18:51:00,22:51:00,3
1823,26,2024-12-12,15:02:00,18:12:00,26
1824,13,2024-12-12,12:42:00,13:07:00,23
1825,29,2024-12-12,13:55:00,17:30:00,12
1826,30,2024-12-12,19:32:00,22:02:00,27
1827,25,2024-12-13,10:03:00,15:13:00,30
1828,26,2024-12-13,08:51:00,10:56:00,1
1829,32,2024-12-13,13:42:00,14:42:00,34
1830,22,2024-12-16,18:21:00,21:21:00,27
1831,17,2024-12-16,11:56:00,16:36:00,33
1832,9,2024-12-16,16:49:00,20:09:00,29
1833,22,2024-12-16,06:29:00,08:59:00,26
1834,2,2024-12-17,06:12:00,07:27:00,29
1835,2,2024-12-17,12:00:00,14:05:00,29
1836,4,2024-12-17,07:45:00,10:15:00,26
1837,9,2024-12-17,21:00:00,22:45:00,30
1838,29,2024-12-19,12:42:00,16:32:00,36
1839,11,2024-12-23,16:06:00,16:21:00,26
1840,8,2024-12-23,07:49:00,09:49:00,27
1841,6,2024-12-27,20:14:00,21:44:00,31
1842,15,2024-12-27,18:44:00,20:59:00,6
1843,28,2024-12-27,14:28:00,14:58:00,26
1844,1,2024-12-30,14:24:00,16:24:00,23
1845,27,2024-12-30,13:25:00,14:40:00,27
1846,2,2024-12-30,09:18:00,16:23:00,5
1847,24,2024-12-30,14:30:00,16:30:00,26
