1,12,22
2,9,12
2,1,25
3,5,3
3,7,3
4,11,14
4,4,25
4,4,6
4,3,25
5,11,14
5,10,14
5,10,16
6,11,13
7,5,4
8,3,1
8,3,9
9,6,4
9,7,4
9,12,7
9,12,4
9,5,4
10,1,24
10,6,24
10,2,23
10,2,24
10,9,16
10,9,11
11,5,5
11,12,23
11,12,5
12,8,7
12,4,7
12,4,4
13,5,25
13,7,25
14,3,7
15,8,24
16,10,12
16,3,4
16,3,8
17,5,24
17,9,15
17,10,13
17,10,15
18,8,9
18,7,1
18,10,14
18,10,18
18,3,1
19,9,12
19,10,15
19,10,12
19,1,3
19,1,10
19,4,10
20,7,5
20,12,5
20,6,5
20,4,5
21,11,12
21,9,12
21,10,12
21,3,23
22,10,17
22,10,13
23,8,25
23,1,5
23,2,5
23,6,5
24,4,25
24,4,10
25,4,7
25,6,2
25,9,11
25,9,16
25,2,2
25,2,7
26,8,23
26,1,25
26,1,23
27,2,6
27,2,5
27,11,14
27,6,5
28,8,23
29,6,2
29,7,2
30,10,15
30,3,5
30,2,5
31,5,24
31,9,16
31,11,12
32,10,14
32,10,15
32,2,10
32,8,10
33,2,7
33,3,7
33,3,24
34,4,25
34,1,25
34,11,14
35,7,3
35,6,3
36,7,25
36,6,25
36,2,9
36,2,25
36,10,16
36,10,14
37,11,11
38,1,4
38,1,25
38,11,13
39,11,12
39,5,1
39,1,1
39,1,10
39,6,1
40,1,25
41,10,15
41,10,14
41,12,24
41,1,22
42,10,13
42,9,13
43,8,6
43,9,14
43,9,15
43,3,6
43,6,1
44,1,3
44,10,16
45,7,2
45,4,2
45,6,2
46,5,3
46,4,24
46,4,3
46,12,3
46,12,24
46,2,3
46,2,24
47,5,4
47,9,16
48,3,24
48,12,24
48,11,14
48,4,24
48,4,1
49,12,5
50,7,24
50,2,24
50,2,7
50,8,7
50,10,11
50,10,16
51,1,25
51,9,15
51,10,15
51,10,14
52,8,23
53,1,3
53,5,3
53,4,3
53,4,9
54,7,3
54,10,14
54,10,16
55,1,3
55,1,8
56,3,1
56,10,12
56,7,1
57,10,11
57,10,17
57,12,4
58,5,5
58,10,15
58,10,14
58,2,5
58,2,7
59,2,25
59,10,16
59,10,13
59,3,25
60,4,8
60,11,11
60,10,11
61,1,24
61,1,6
62,12,6
62,8,6
63,11,11
63,9,11
63,9,17
63,3,22
63,3,4
64,12,24
64,12,23
65,7,5
66,1,25
66,1,24
66,12,25
66,3,25
66,10,14
66,10,16
67,10,11
67,10,16
68,11,14
68,10,15
68,6,1
69,2,25
70,10,17
70,10,13
70,3,24
70,5,2
71,4,22
72,2,24
72,4,10
73,12,25
73,12,23
73,3,23
73,1,23
73,10,17
73,10,12
74,4,2
74,5,2
74,3,2
74,3,7
74,10,14
74,10,17
75,6,1
75,10,12
75,10,18
76,11,13
76,10,13
76,10,15
76,12,10
76,12,3
77,6,5
77,8,8
77,9,16
77,9,12
77,3,8
78,5,24
78,8,9
78,10,18
78,10,12
78,7,24
79,3,5
79,3,23
79,10,15
80,3,6
80,4,6
80,2,24
80,8,6
81,7,4
81,3,4
81,12,4
82,2,10
82,10,16
82,10,14
82,8,10
82,5,1
83,12,23
83,6,1
84,12,23
84,1,2
84,5,2
84,11,13
85,1,22
85,5,1
86,8,9
87,8,23
87,1,5
87,1,23
87,10,13
87,10,15
88,1,24
88,1,3
88,9,14
88,9,15
88,8,24
88,6,3
89,10,12
89,10,18
89,1,25
89,1,2
90,10,17
90,10,14
90,4,8
90,6,5
91,8,9
91,3,9
92,10,17
92,10,12
92,11,12
93,8,23
94,7,25
94,3,25
94,9,11
94,9,17
94,12,25
94,12,7
95,10,16
95,4,6
95,5,25
96,5,2
96,6,2
96,10,18
96,10,14
96,12,2
97,4,5
97,4,10
98,2,23
98,2,3
98,5,3
98,10,13
98,10,17
99,9,11
99,9,16
100,7,3
101,3,25
101,3,5
101,11,11
102,8,7
103,3,5
104,8,8
104,11,13
104,5,25
105,6,4
105,10,17
105,3,4
105,3,10
106,12,4
106,12,10
106,3,10
106,3,4
106,9,16
106,9,12
106,10,12
106,10,16
107,2,25
107,11,11
108,4,5
108,4,6
108,9,12
108,9,15
108,3,6
108,3,5
109,4,24
109,4,22
109,10,17
110,5,3
110,9,11
110,4,3
110,4,25
110,12,25
110,12,3
111,7,3
111,3,22
112,7,5
112,11,12
113,2,4
113,5,4
113,8,9
114,9,14
114,12,2
114,12,22
114,2,22
114,2,2
115,1,7
115,1,5
115,4,7
115,4,5
115,11,12
116,3,1
116,3,22
117,3,24
117,5,24
118,10,16
118,10,14
118,5,25
118,7,25
119,3,6
119,3,24
120,11,14
120,5,1
121,3,10
122,10,17
122,7,24
123,5,3
123,6,3
123,12,9
123,12,3
123,8,9
124,1,5
125,10,12
126,6,1
126,5,1
126,12,1
126,12,6
127,11,14
127,8,10
128,2,24
128,2,1
128,4,1
128,4,24
128,12,1
128,10,16
128,10,12
129,10,11
129,4,25
129,4,1
129,5,1
129,9,11
129,9,15
130,11,12
131,10,13
131,10,15
131,1,25
131,1,24
132,11,13
133,7,5
133,8,7
133,1,7
133,1,5
134,1,24
134,1,6
134,10,15
134,6,24
135,12,5
135,12,25
135,3,25
135,10,13
135,1,25
135,1,5
136,7,5
136,11,12
137,1,4
137,1,24
137,6,4
138,6,1
139,9,12
140,11,11
140,8,6
140,2,2
140,7,2
141,9,17
142,9,13
142,9,16
142,6,5
142,12,24
143,10,13
143,10,17
143,9,17
143,2,22
143,4,24
144,10,15
144,10,13
145,12,4
145,12,23
145,11,11
145,7,4
145,10,11
145,10,18
146,9,15
146,3,7
146,3,5
147,7,2
148,4,23
148,4,25
148,12,23
148,8,23
149,8,24
149,3,1
149,3,24
149,1,24
150,1,4
150,1,9
150,9,18
150,3,9
151,12,2
151,5,2
151,8,6
152,10,12
152,10,17
152,11,12
153,7,5
153,11,14
154,3,23
154,10,12
154,10,16
155,1,1
155,7,1
155,8,6
156,12,22
156,12,4
156,7,4
156,2,22
156,6,4
157,11,11
157,12,5
157,10,18
157,10,11
158,5,25
159,1,24
160,10,16
161,9,12
161,9,17
161,11,12
161,10,12
161,4,10
162,9,15
162,9,13
162,12,3
162,12,7
163,1,9
163,10,16
164,12,8
165,4,1
166,6,24
166,2,10
166,10,11
167,7,24
168,11,13
169,12,22
169,12,1
169,10,11
169,10,17
170,10,18
170,10,12
170,5,25
171,10,18
171,10,14
171,7,2
171,2,24
171,4,2
171,4,24
172,9,11
172,4,9
172,4,25
173,10,15
173,6,24
173,9,15
173,9,12
174,11,13
174,6,3
174,2,9
174,2,3
174,4,3
174,4,9
175,5,4
175,12,23
176,2,7
176,2,25
176,1,7
177,7,4
177,4,6
177,4,4
177,1,6
177,1,4
178,10,14
178,12,10
178,7,25
178,3,25
178,3,10
179,10,17
179,10,14
180,8,23
180,5,25
181,11,14
181,6,3
181,1,3
181,1,25
181,10,18
181,10,14
182,4,1
182,4,7
183,9,15
183,9,13
183,11,13
183,5,5
184,9,18
184,9,14
185,2,23
185,2,24
186,11,11
186,10,16
187,10,18
187,10,13
187,8,6
188,6,2
188,5,2
188,11,12
188,12,10
189,11,14
189,8,9
189,9,18
189,9,14
190,10,12
190,10,17
191,4,23
191,4,4
192,7,2
193,12,4
193,12,23
193,7,4
193,11,13
193,9,13
193,9,17
194,1,25
194,5,2
195,5,1
195,1,1
195,6,1
195,11,14
196,8,8
196,5,2
197,9,14
197,9,17
198,12,8
198,12,25
199,10,13
199,10,16
200,8,8
200,6,4
201,1,2
201,1,9
201,6,2
201,10,18
201,10,11
202,9,18
202,9,13
202,3,24
202,1,24
203,5,25
204,10,12
204,9,16
204,9,12
205,12,23
205,12,3
205,4,23
205,2,3
206,10,17
206,10,11
207,5,2
207,10,17
207,10,12
208,12,8
208,12,1
208,2,8
209,9,16
209,9,14
209,11,14
209,7,25
210,4,7
210,4,2
210,3,7
210,10,12
210,10,15
210,7,2
211,10,12
211,10,16
212,2,3
212,2,10
213,11,12
213,4,10
213,12,10
213,12,5
214,8,23
214,6,5
214,12,5
215,10,14
215,10,17
215,3,2
215,6,2
216,11,11
216,6,24
216,4,7
216,4,24
216,5,24
217,2,10
217,4,10
218,10,18
218,6,4
219,10,14
219,9,14
219,9,16
220,1,24
220,1,9
220,4,9
220,2,9
221,9,11
221,9,17
221,8,24
222,12,5
222,2,8
222,2,5
222,3,5
223,6,24
223,9,18
223,9,13
223,11,13
223,2,24
223,2,23
224,7,4
225,1,22
225,1,1
226,8,9
226,10,18
226,10,14
227,8,24
227,5,2
227,12,24
227,12,2
227,3,24
228,7,2
228,11,11
228,12,22
228,2,22
228,2,2
229,3,23
229,3,1
229,11,13
229,12,23
229,12,1
230,10,14
230,2,7
230,12,7
230,12,2
230,7,2
231,12,1
231,12,9
232,1,22
232,1,24
232,9,16
232,4,24
233,5,3
233,8,6
233,11,11
234,12,9
234,12,2
234,3,2
234,4,9
235,9,12
235,11,12
235,10,12
235,1,25
236,1,6
236,8,6
236,4,5
236,7,5
237,10,18
237,10,11
237,12,4
237,12,24
237,7,4
237,6,4
238,2,4
238,2,23
239,8,22
239,3,22
240,7,24
241,4,25
241,10,18
241,2,10
241,2,25
241,8,10
242,3,1
242,3,22
242,10,12
242,11,12
243,3,4
243,3,10
243,2,10
243,7,4
244,3,5
244,3,9
245,4,10
245,4,3
246,5,25
246,3,25
246,3,22
247,10,16
248,12,9
248,12,2
248,3,9
249,5,3
249,10,18
249,3,3
250,5,25
250,8,10
250,7,25
250,3,25
250,3,10
251,3,2
251,3,24
251,5,2
251,10,12
251,10,18
251,1,24
252,12,5
252,12,9
253,11,13
253,12,25
253,10,16
253,10,13
253,2,4
254,9,11
255,3,24
255,12,24
255,12,2
255,4,2
255,8,24
256,8,7
256,7,1
256,6,1
256,1,1
256,1,7
257,6,4
258,12,22
258,12,25
258,5,25
258,8,22
259,11,14
259,12,7
259,12,3
259,10,14
260,1,24
260,12,24
260,12,10
260,10,18
261,3,6
261,3,3
261,1,3
261,1,6
261,10,18
262,4,4
262,4,23
262,8,23
263,3,1
263,10,11
264,1,23
264,1,24
264,5,24
265,1,5
265,1,7
266,7,1
266,2,22
267,9,14
267,9,16
267,4,4
267,4,8
268,10,17
268,10,13
268,8,10
269,1,8
270,6,1
270,3,1
270,3,10
271,7,4
271,10,14
271,3,7
271,11,14
272,11,13
272,6,5
272,9,15
272,8,6
273,10,16
273,10,14
273,12,24
274,12,5
274,12,10
274,1,5
274,1,10
274,8,10
275,10,15
275,10,14
276,8,9
276,2,9
276,2,1
276,5,1
277,5,4
277,11,13
278,6,1
279,2,5
280,12,6
280,10,11
280,10,18
281,7,24
281,5,24
282,12,9
282,3,9
282,11,14
282,7,24
283,1,4
283,5,4
283,2,23
283,3,23
283,3,4
284,8,9
284,12,2
284,1,2
284,4,2
285,10,12
285,8,24
286,5,2
286,11,13
286,2,7
286,2,2
286,10,15
287,10,14
287,7,3
288,6,3
289,1,2
289,8,25
289,2,2
289,2,25
290,9,11
291,12,24
291,6,24
291,11,12
291,8,22
292,11,14
292,4,9
292,4,1
293,1,7
293,9,16
293,9,12
294,3,4
294,3,6
294,2,6
294,5,4
294,11,13
295,4,22
296,12,5
297,12,7
297,12,5
298,5,5
299,1,23
299,5,5
299,7,5
300,5,4
301,4,24
301,7,24
302,7,5
302,10,17
302,10,12
302,12,8
303,11,14
303,7,1
303,10,14
303,8,25
304,10,13
304,10,16
304,1,4
304,1,23
305,10,12
305,6,5
306,2,23
306,8,23
306,4,25
307,11,11
307,10,16
307,10,11
307,7,1
307,9,11
308,7,5
308,6,5
308,8,9
308,3,5
308,3,9
309,6,4
309,1,4
309,1,7
309,11,11
310,11,14
310,1,24
310,1,25
310,9,14
311,1,5
312,9,11
312,2,8
313,5,4
313,9,12
313,6,4
314,6,5
315,2,7
315,2,4
315,6,4
315,8,7
315,9,15
315,9,13
316,8,25
316,11,14
316,2,2
316,2,25
316,3,25
317,10,13
317,11,13
317,1,24
318,6,24
318,10,17
319,5,1
319,7,1
319,12,24
319,4,1
319,4,24
320,12,2
320,12,25
321,1,6
321,12,5
322,1,9
322,1,1
322,10,18
322,7,1
323,2,25
323,2,6
323,10,11
323,10,16
323,11,11
324,2,24
324,2,5
325,9,18
325,9,14
325,10,18
325,10,14
325,12,6
326,3,2
326,3,7
326,7,2
326,9,11
326,9,16
327,10,12
327,10,18
327,1,24
328,6,3
328,10,16
328,11,14
329,7,2
329,9,17
329,10,14
330,5,3
331,11,11
331,6,4
331,8,6
332,4,3
333,8,6
334,7,1
334,3,1
334,3,8
334,6,1
334,5,1
335,10,17
335,10,13
335,3,5
335,3,23
335,1,23
335,1,5
336,7,24
336,3,23
336,3,24
336,12,23
336,12,24
337,8,24
337,2,24
338,9,18
338,9,12
339,1,9
339,1,3
339,5,3
340,6,1
341,1,25
342,10,15
342,10,11
343,4,24
343,4,3
343,9,12
343,1,24
343,1,3
343,7,3
344,7,25
345,6,4
345,2,22
345,2,4
346,11,11
346,1,25
347,7,5
348,8,25
348,5,1
348,3,1
349,4,9
349,6,4
349,7,4
349,11,11
350,11,11
350,6,24
351,4,5
351,4,24
351,2,24
352,6,2
352,11,14
352,1,2
352,1,8
353,10,15
353,10,14
353,1,23
353,1,24
354,11,11
354,1,25
354,3,5
355,11,14
355,12,22
355,12,1
356,11,11
356,6,2
357,2,4
357,2,10
357,10,16
357,10,13
357,8,10
358,10,11
358,10,18
358,11,11
359,11,12
359,4,4
359,5,4
360,1,8
360,10,12
360,10,17
360,11,12
360,9,12
361,3,4
362,5,4
363,10,15
364,3,3
365,6,1
366,10,12
367,5,2
367,11,11
367,3,24
367,1,24
367,1,2
368,1,6
368,7,25
368,5,25
369,5,24
369,6,24
369,10,16
370,4,1
370,4,8
370,10,11
370,10,15
371,1,24
371,12,4
371,9,15
371,7,4
372,2,9
372,2,4
372,3,4
372,8,9
373,6,24
373,3,24
373,3,25
373,8,25
374,6,1
374,10,17
375,5,2
375,2,2
376,6,3
377,10,11
377,7,2
377,2,2
377,2,6
377,6,2
378,3,25
378,3,4
378,10,17
378,10,13
379,12,3
379,12,25
379,9,15
379,7,3
379,10,15
380,2,23
380,2,24
380,12,23
380,12,24
381,2,7
381,2,2
382,5,1
383,6,3
383,7,3
383,9,16
383,9,14
383,12,25
383,12,3
384,9,12
384,2,2
384,2,8
384,1,8
385,7,2
386,9,11
386,6,1
386,12,1
386,12,24
386,7,1
387,12,10
387,3,10
388,8,8
388,1,24
388,1,8
389,9,15
389,4,6
389,11,13
389,5,5
390,10,12
390,10,17
390,11,12
391,11,12
391,1,4
391,1,8
392,8,24
393,5,25
393,3,22
393,3,25
393,2,25
394,1,24
394,1,9
395,10,11
395,10,17
395,12,5
395,1,5
395,3,23
395,3,5
396,5,5
397,12,8
397,12,5
398,1,25
398,12,24
398,12,25
398,7,25
399,3,4
400,10,11
400,5,5
400,2,5
400,12,5
401,10,17
401,9,12
401,9,17
401,7,25
401,2,25
401,2,9
402,11,13
402,5,24
403,10,11
403,2,6
403,2,5
403,3,5
404,9,11
404,9,15
404,12,4
405,12,6
405,12,24
405,10,15
405,4,6
406,6,3
406,10,16
406,10,13
406,1,10
406,8,10
407,5,2
407,8,25
407,3,25
407,3,2
407,6,2
408,4,5
409,9,12
409,9,18
409,6,2
409,7,2
409,11,12
410,2,1
411,5,25
411,6,25
411,10,16
411,2,25
412,10,12
412,4,8
413,5,2
414,10,12
414,12,10
414,12,5
414,1,10
414,8,10
415,3,24
415,3,2
415,1,2
415,1,24
415,11,13
415,5,2
416,4,25
416,2,25
416,9,11
416,9,18
416,1,5
416,1,25
417,9,18
418,6,24
419,5,2
420,2,25
421,10,14
422,2,22
422,2,4
422,11,11
422,10,11
422,10,15
423,4,22
423,4,5
423,1,5
423,7,5
424,10,12
424,10,15
425,1,5
426,7,2
426,12,2
426,12,24
427,5,4
427,6,4
427,1,4
428,10,18
428,7,25
428,6,25
429,8,23
429,5,3
430,6,4
430,5,4
431,2,25
431,10,13
431,11,13
431,8,7
432,10,16
432,10,11
432,12,8
432,12,2
432,4,8
433,2,22
433,9,16
433,9,12
433,5,5
434,10,17
434,10,13
435,2,6
436,10,18
436,10,14
436,1,5
436,1,10
436,9,14
436,9,18
437,12,1
437,6,1
437,2,1
438,10,18
439,5,4
439,10,15
439,12,24
439,12,4
440,4,25
441,12,5
441,12,7
442,2,10
442,2,1
443,10,15
443,11,11
443,5,3
444,10,14
444,5,25
445,12,5
445,10,11
445,10,16
445,4,5
445,2,6
446,11,12
447,11,14
447,2,6
447,2,2
448,2,10
448,5,25
448,9,18
448,9,14
448,12,10
449,7,24
449,10,13
449,4,22
449,9,17
449,9,13
450,11,13
450,3,4
450,10,17
450,10,13
450,1,4
450,1,6
451,10,18
451,12,2
451,4,2
451,4,23
452,11,12
452,7,5
453,5,1
453,10,11
453,10,18
454,6,3
454,10,11
454,10,16
454,1,3
454,1,24
455,12,7
455,12,3
455,3,7
455,3,3
456,9,13
456,9,17
456,2,22
456,11,13
457,4,9
457,7,5
457,3,5
457,3,9
458,11,13
458,4,10
458,8,10
459,10,12
459,10,18
459,11,12
459,3,4
459,3,7
459,8,7
460,12,2
460,12,8
460,11,11
460,7,2
461,4,1
461,6,1
461,10,14
462,8,25
462,10,16
462,6,24
462,9,14
462,9,16
463,5,1
463,6,1
464,7,25
465,12,3
465,3,3
465,8,9
465,10,18
465,10,12
466,8,23
467,2,6
467,2,2
467,3,6
467,7,2
467,4,2
468,1,7
468,9,11
468,9,16
469,6,1
470,2,1
470,2,22
470,10,12
470,5,1
470,12,22
470,12,1
471,1,25
471,12,25
472,3,25
472,5,2
473,7,25
473,12,24
473,9,17
473,9,13
474,10,18
474,10,13
475,2,25
475,2,24
475,9,16
476,10,11
476,10,17
476,3,7
476,3,3
477,2,22
477,1,22
477,5,4
478,2,4
478,3,4
478,3,7
478,4,7
478,10,17
478,10,14
479,10,12
479,12,4
479,11,12
480,5,24
480,9,15
480,9,11
480,1,24
480,1,7
481,7,4
481,5,4
481,3,9
481,12,4
481,12,9
482,4,3
482,6,3
482,10,17
482,10,14
483,7,2
483,3,2
483,1,2
483,2,6
484,3,3
484,3,23
484,2,3
484,1,23
485,2,24
485,2,8
485,5,24
485,11,12
486,9,11
486,2,25
486,2,2
486,1,2
487,4,2
487,12,22
487,9,14
487,9,17
488,8,23
488,4,23
488,4,25
488,12,23
488,12,25
489,8,23
489,3,3
489,10,11
489,11,11
490,3,6
490,3,24
491,5,2
491,6,2
491,10,18
492,4,7
492,2,4
493,8,7
493,10,14
493,4,4
493,4,7
494,2,6
494,10,16
494,10,12
494,6,3
495,9,16
495,1,25
495,1,8
495,2,8
495,6,25
496,10,11
496,10,16
497,6,4
497,3,8
497,3,4
497,10,17
498,1,24
498,1,9
499,9,11
499,9,16
499,8,7
500,7,25
500,9,14
500,2,25
501,12,4
501,1,25
501,11,11
501,7,4
502,1,24
502,9,14
502,9,15
502,7,3
503,11,12
503,5,4
503,4,25
503,6,4
504,2,25
504,2,24
504,8,24
504,10,15
504,10,12
504,6,25
505,12,23
505,8,23
505,10,13
505,4,2
505,4,23
506,5,2
507,4,5
507,4,10
507,1,5
508,4,8
508,4,2
508,6,2
508,1,2
509,8,7
509,7,25
509,3,7
509,3,25
510,5,1
510,12,23
510,12,1
510,1,1
511,7,4
511,9,18
511,9,11
512,6,2
512,4,9
512,2,9
512,12,2
512,12,9
513,4,5
513,4,7
513,12,7
513,12,5
513,11,12
513,10,15
513,10,12
514,1,25
515,10,15
515,5,2
516,12,25
516,1,8
516,9,18
517,5,3
517,10,16
518,9,15
518,9,14
518,6,3
518,10,15
518,10,14
518,8,9
519,5,5
520,4,2
520,4,8
520,8,8
520,6,2
521,12,5
521,2,5
521,9,12
521,9,16
521,10,16
522,5,2
523,3,25
523,3,22
524,12,4
524,8,25
525,4,2
525,4,24
525,1,24
525,10,15
525,10,12
526,12,3
526,12,9
526,8,9
527,6,25
527,7,25
528,3,22
528,5,4
528,12,22
528,12,4
528,10,15
528,10,14
529,8,23
529,11,12
529,5,24
530,12,24
530,8,24
530,4,24
530,10,13
531,5,5
531,4,5
531,4,9
531,8,9
532,8,25
532,3,25
532,3,5
532,9,11
533,2,25
533,2,7
533,6,25
533,10,18
533,10,14
533,1,7
533,1,25
534,4,8
534,10,11
534,12,8
534,12,4
535,2,5
535,2,9
535,3,9
535,3,5
535,5,5
536,4,24
536,9,13
536,10,17
536,7,24
537,5,2
537,1,8
537,7,2
537,2,8
537,2,2
538,11,11
538,12,3
538,12,9
538,3,9
539,10,16
539,10,14
540,1,10
541,12,4
541,12,9
541,3,9
541,3,4
541,11,12
541,1,4
542,10,13
542,10,16
542,3,6
542,3,24
543,7,24
543,9,13
543,9,16
544,3,25
544,3,4
544,12,4
544,12,25
545,2,25
545,2,3
545,12,3
545,12,25
545,9,16
545,9,12
546,3,5
546,9,15
547,7,24
547,1,9
547,1,24
548,8,6
548,6,24
549,10,15
549,10,14
549,11,14
550,12,25
551,1,10
552,6,24
552,7,24
553,1,4
553,6,4
554,6,2
554,10,15
554,10,13
554,12,2
555,8,25
555,9,11
555,9,17
555,7,3
555,4,3
556,12,2
556,10,13
556,9,13
556,2,8
557,5,3
557,1,25
557,1,3
557,4,25
558,5,1
558,11,14
558,6,1
558,10,14
558,10,15
559,6,2
559,12,22
559,12,2
559,10,16
560,1,1
560,12,1
561,11,12
561,9,15
561,12,4
561,6,4
562,9,18
562,10,13
563,5,2
563,10,16
564,12,4
564,12,24
564,10,13
564,10,17
565,5,5
565,10,18
566,10,12
566,10,15
566,1,5
566,1,23
567,5,4
567,10,11
567,10,16
567,1,4
568,7,25
568,5,25
569,2,9
570,9,12
570,9,16
570,12,4
570,11,12
570,6,4
571,10,14
571,11,14
571,4,2
571,5,2
572,2,3
572,5,3
572,3,6
572,3,3
573,2,5
574,12,6
574,12,1
574,10,14
574,10,17
574,7,1
575,2,3
575,1,8
575,1,3
575,6,3
575,3,8
575,3,3
576,10,18
576,10,13
576,7,1
576,5,1
577,11,11
577,12,24
577,12,22
577,9,11
577,9,15
577,1,24
578,2,25
578,10,12
578,10,16
579,12,1
579,12,22
579,2,1
579,2,22
579,5,1
579,3,22
580,8,25
581,1,8
581,1,24
581,10,18
582,2,3
582,2,10
583,2,24
583,2,25
583,10,16
584,7,3
584,10,13
584,10,18
585,9,11
585,9,17
585,4,10
586,7,4
587,8,9
587,6,2
587,11,12
588,11,11
588,5,25
588,10,17
588,10,11
588,2,24
588,2,25
589,4,3
589,4,10
589,7,3
590,7,4
591,6,4
591,7,4
591,4,24
591,4,4
592,3,10
592,4,1
592,7,1
592,2,10
592,2,1
593,3,3
593,3,7
593,9,18
593,9,13
594,10,16
594,1,2
594,1,10
595,2,22
595,9,12
595,10,12
595,10,16
595,5,24
596,10,18
596,10,11
597,4,6
597,4,25
598,5,2
598,12,2
598,12,9
598,10,18
599,4,24
599,10,13
600,10,14
600,10,18
600,8,7
600,3,7
601,4,9
601,8,9
602,4,5
602,4,7
603,8,6
603,7,5
603,5,5
604,1,25
604,1,6
604,6,25
604,2,25
604,2,6
605,2,4
605,10,11
605,10,17
605,4,4
606,10,13
606,7,2
606,5,2
607,1,9
607,9,13
607,3,9
607,8,9
608,12,6
609,5,3
609,10,16
609,8,7
609,6,3
610,3,10
610,3,25
610,5,25
610,9,11
611,9,14
611,8,24
612,9,17
612,3,10
613,12,24
613,1,9
613,1,24
613,8,9
613,4,24
613,4,9
614,5,4
614,2,4
614,2,6
614,1,4
614,1,6
615,10,18
615,10,13
616,8,23
617,9,16
618,10,11
619,10,16
620,4,9
620,4,3
620,10,11
620,10,16
620,2,9
620,2,3
621,10,14
621,11,14
621,12,8
621,12,4
622,7,3
622,9,13
622,9,15
622,10,13
622,10,15
623,10,14
623,6,3
623,11,14
624,10,14
624,10,18
624,12,22
624,3,1
624,3,22
625,1,2
626,12,25
626,2,3
626,5,3
627,6,1
627,4,24
627,1,24
627,8,24
628,9,11
628,9,17
628,8,24
629,6,4
629,9,16
629,9,12
630,12,2
630,4,2
631,7,1
631,4,1
631,4,10
631,2,1
631,2,10
632,4,7
633,10,14
633,8,6
633,5,4
633,12,6
633,12,4
634,5,5
634,6,5
634,10,13
634,10,15
634,7,5
635,6,5
635,12,5
635,12,25
636,6,24
636,9,16
636,8,10
637,10,13
637,10,18
637,2,5
637,9,18
638,10,14
638,8,9
639,2,25
639,2,9
639,8,9
639,9,11
639,9,16
640,4,7
640,4,25
640,12,25
640,12,7
640,3,7
640,10,18
640,10,11
641,10,17
641,6,3
641,4,8
641,4,3
642,2,1
642,2,24
642,11,11
642,5,1
642,12,1
643,12,2
643,12,8
643,1,2
643,1,8
644,7,1
644,10,13
644,10,16
644,2,9
644,2,1
645,3,1
645,5,1
646,8,23
646,11,11
647,2,22
647,2,1
648,5,5
649,4,3
649,6,3
649,5,3
650,10,16
650,4,2
650,4,24
650,11,13
651,10,12
651,10,16
651,8,22
652,11,14
653,7,25
653,3,25
653,4,25
653,2,7
654,7,25
655,11,12
656,1,4
656,1,22
657,1,8
657,1,3
658,3,2
658,3,22
658,11,11
658,9,18
658,9,11
659,4,8
659,4,25
659,12,8
659,12,25
659,1,8
659,1,25
659,6,25
660,8,23
660,10,16
660,10,11
660,2,23
661,12,24
661,1,24
661,5,5
661,11,13
662,7,25
663,9,17
663,9,14
663,5,1
664,8,23
664,1,2
665,3,3
665,3,25
666,5,2
666,7,2
667,12,8
668,4,1
668,4,24
669,12,6
669,9,18
670,9,11
670,9,15
670,3,8
670,3,1
670,10,11
670,11,11
671,11,14
671,10,17
672,11,12
673,3,22
673,9,18
673,10,12
674,11,14
674,4,25
675,6,1
675,5,1
676,11,11
676,9,15
676,9,11
676,7,5
676,10,11
676,10,15
677,11,12
678,8,24
679,11,12
679,10,17
679,4,2
679,4,8
679,2,8
680,11,13
680,12,23
681,5,3
681,3,3
681,3,22
681,12,22
681,12,3
682,1,23
682,1,1
682,8,23
682,3,23
682,5,1
683,12,6
683,12,4
683,11,14
683,7,4
683,9,14
684,8,7
685,11,14
685,10,15
685,4,1
686,8,8
687,7,3
687,8,23
687,6,3
687,1,3
688,10,15
688,10,11
688,4,3
689,6,1
689,12,1
689,11,14
690,9,15
690,9,12
691,8,7
691,12,7
692,9,17
692,9,11
692,10,11
692,10,17
693,9,14
693,7,1
694,1,4
694,1,25
694,11,13
694,6,4
695,7,1
695,3,22
695,3,1
695,10,16
696,8,6
697,12,5
697,2,23
697,2,5
697,7,5
697,5,5
698,11,14
699,12,9
699,12,5
699,11,11
700,9,16
700,9,12
700,11,12
700,7,4
700,1,4
701,11,13
701,2,6
702,10,12
702,10,18
702,1,24
702,1,5
702,3,24
702,3,5
703,7,2
704,2,8
704,10,13
704,10,17
704,5,5
705,1,24
705,11,12
705,12,24
705,12,25
705,7,25
706,7,2
706,10,12
707,11,13
708,8,7
708,4,25
708,4,7
708,3,25
708,3,7
709,7,2
709,4,2
709,4,6
709,10,18
710,2,3
710,2,6
711,6,1
711,8,10
711,12,1
712,9,17
712,9,12
712,7,4
712,8,22
712,10,12
712,10,17
713,2,24
713,2,1
713,5,1
713,11,14
714,12,5
715,6,2
715,4,2
715,10,16
716,2,24
716,2,22
716,7,24
716,4,22
716,4,24
716,8,22
717,8,6
718,2,3
718,2,8
718,5,3
719,9,15
719,3,7
719,8,7
720,2,3
720,2,9
720,11,14
720,6,3
721,7,1
722,9,17
722,9,11
722,1,3
722,1,23
723,7,4
724,12,8
724,6,25
724,2,8
724,2,25
724,4,8
724,4,25
725,6,24
725,11,13
725,9,15
725,9,13
725,2,24
725,2,10
726,3,25
726,3,23
726,10,11
727,12,4
727,12,6
727,11,14
727,3,4
728,3,25
728,12,25
728,12,10
728,5,25
729,10,11
730,9,13
730,9,16
730,1,25
730,10,16
731,7,5
731,12,5
731,5,5
732,3,23
733,10,14
734,10,18
734,10,12
734,2,1
734,2,9
734,12,1
734,1,1
734,1,9
735,5,24
735,3,24
735,1,24
735,8,22
736,11,13
736,3,4
736,4,4
737,1,3
738,9,14
738,5,2
738,4,2
739,3,25
740,7,25
740,6,25
740,5,25
740,10,13
741,11,12
742,11,11
742,4,9
742,7,4
742,10,16
743,1,1
743,1,8
744,5,2
744,9,15
744,9,14
744,4,24
744,4,2
744,1,24
745,10,17
745,2,8
745,2,1
745,7,1
745,3,1
745,3,8
746,1,3
746,1,24
746,4,24
746,4,3
747,7,24
748,1,1
748,4,1
748,4,6
748,5,1
748,10,11
749,10,16
749,10,13
749,5,3
750,9,14
750,11,14
750,8,24
751,9,11
751,9,16
752,4,22
752,4,5
753,4,22
753,4,4
754,9,14
754,9,17
755,9,13
755,9,16
755,4,6
755,4,1
755,10,13
756,2,23
757,11,14
758,9,12
758,9,17
758,5,5
759,2,9
759,4,3
759,4,9
759,5,3
759,12,3
759,12,9
760,10,16
760,12,23
760,3,23
760,3,25
761,11,11
762,4,23
762,4,25
762,5,25
762,8,23
762,2,23
762,2,25
763,1,5
763,1,6
763,8,6
764,3,3
764,3,10
764,10,13
764,10,18
764,5,3
765,4,5
765,4,7
766,1,3
766,1,7
767,10,13
767,10,18
767,6,2
767,2,2
767,2,9
767,4,2
768,5,1
769,1,24
769,6,2
769,10,11
769,10,18
769,11,11
770,8,23
770,3,3
770,10,13
770,12,23
770,12,3
771,10,17
771,10,12
771,3,24
771,3,10
772,12,9
772,12,1
773,9,18
774,5,4
774,8,24
775,7,4
776,7,3
776,8,9
776,10,14
776,10,18
777,12,5
777,12,25
777,10,12
777,10,15
777,4,25
777,4,5
778,7,1
778,1,25
778,1,1
778,11,14
778,5,1
779,10,17
779,10,13
779,9,17
779,3,4
780,10,14
780,10,16
781,1,23
781,7,3
782,9,15
782,2,24
782,2,2
782,7,2
783,8,7
783,10,11
783,10,18
783,9,11
783,3,7
784,2,3
784,2,10
784,7,3
784,11,14
785,3,5
785,3,24
785,8,24
785,10,13
786,11,13
787,6,2
787,10,15
787,10,12
787,11,12
787,8,24
788,9,18
788,9,13
789,12,10
789,7,3
790,4,22
790,4,1
790,3,22
790,7,1
791,5,3
792,6,1
793,8,8
794,10,15
794,10,13
795,6,3
795,2,3
795,7,3
795,8,22
796,10,17
796,10,13
796,6,5
796,11,13
797,10,18
797,10,13
797,2,25
797,9,18
797,9,13
798,9,13
799,2,25
799,7,2
799,10,11
799,11,11
800,5,2
800,8,25
801,8,22
801,11,12
802,2,7
802,2,5
802,3,7
802,3,5
802,8,7
803,3,9
804,5,1
804,10,18
805,4,23
805,4,1
805,5,1
805,8,23
805,12,23
806,5,24
806,10,11
806,10,15
807,2,24
807,4,6
807,9,12
807,10,17
807,10,12
808,8,10
808,10,16
808,12,10
808,12,5
809,3,8
809,3,3
809,7,3
810,12,6
810,12,24
810,4,24
810,10,11
811,2,4
811,2,7
812,11,14
812,6,5
812,8,7
813,9,11
813,9,17
813,10,11
813,3,5
814,7,4
814,4,4
815,2,4
815,2,23
815,10,16
815,9,14
816,6,24
816,10,13
817,11,13
817,4,5
817,4,8
817,5,5
818,4,9
818,1,9
818,11,11
818,3,9
819,4,25
819,4,6
819,10,15
820,6,5
821,10,16
822,8,8
822,6,4
823,3,23
823,3,5
823,6,5
823,10,13
824,5,24
824,7,24
824,11,14
824,4,23
824,4,24
825,9,11
825,6,5
825,3,5
826,10,16
826,10,13
826,11,13
826,8,9
827,11,11
827,8,10
827,6,3
828,6,24
828,7,24
829,11,11
830,4,8
830,10,16
831,5,4
831,6,4
831,8,8
831,9,18
831,9,14
832,7,2
832,1,2
833,6,5
833,5,5
833,10,13
833,4,23
833,4,5
834,11,14
834,3,9
834,3,24
834,7,24
835,3,22
835,3,4
835,1,4
835,1,22
835,2,22
835,11,11
836,4,24
836,4,22
836,10,16
837,10,12
837,10,15
837,8,24
837,2,24
838,11,14
838,2,25
838,2,6
838,10,17
838,10,14
839,4,3
839,10,17
839,10,11
840,2,10
840,2,24
840,10,14
840,10,17
841,1,4
841,1,22
841,9,17
841,9,14
841,8,22
841,7,4
842,2,23
842,2,3
842,4,3
843,12,4
843,12,23
843,9,15
843,9,12
843,8,23
844,4,1
844,4,8
845,9,13
845,9,16
845,6,4
846,10,12
847,3,23
847,3,25
847,12,25
847,7,25
848,10,15
848,12,5
849,3,10
849,3,25
850,11,13
851,10,13
852,3,5
853,1,6
853,1,25
853,5,25
853,10,15
853,10,11
853,12,6
853,12,25
854,1,23
855,6,5
856,7,4
856,5,4
856,3,4
856,3,10
856,4,10
856,4,4
857,8,23
857,2,23
857,3,3
857,11,14
858,2,8
858,3,25
858,11,12
859,3,4
860,1,10
860,2,10
860,2,24
861,5,25
861,6,25
861,10,17
861,10,14
861,3,25
861,3,23
862,1,25
862,4,25
862,4,7
862,3,7
863,1,22
863,8,22
864,4,3
864,8,25
864,1,25
864,10,15
864,10,14
865,8,7
866,6,4
866,7,4
866,12,25
866,9,13
866,9,18
867,10,18
868,6,24
869,5,3
869,7,3
869,1,3
869,1,7
870,8,6
870,9,15
870,9,12
870,11,12
870,10,12
871,5,5
871,6,5
871,1,5
871,1,25
871,9,15
872,10,16
872,10,14
872,7,2
873,3,24
873,1,23
874,3,4
874,5,4
874,7,4
875,7,25
876,1,8
876,1,2
876,7,2
877,6,5
877,7,5
877,8,10
878,7,1
878,2,1
878,2,22
878,5,1
878,11,12
879,5,3
880,2,5
880,2,6
880,4,5
880,5,5
881,8,9
881,10,14
882,9,11
882,9,18
882,4,2
882,4,7
882,1,2
882,6,2
883,4,5
883,4,6
883,3,6
883,3,5
883,5,5
883,10,13
884,8,24
884,2,4
884,2,24
884,9,14
884,11,14
885,10,18
886,4,22
886,8,22
886,11,11
887,10,11
887,4,10
887,8,10
888,5,25
889,12,4
889,12,7
890,9,13
891,7,24
891,3,24
892,9,12
892,9,18
893,3,7
894,12,2
894,12,24
894,2,24
894,2,2
894,7,2
894,5,2
895,12,1
895,12,22
895,5,1
896,12,25
896,9,11
896,11,11
896,1,24
896,1,25
897,2,25
897,5,25
897,10,11
898,8,6
898,9,14
898,9,17
898,3,5
899,6,3
899,3,3
899,9,13
900,1,24
900,1,1
900,11,13
901,8,23
902,5,3
902,3,3
903,10,14
903,10,16
903,1,4
904,8,10
904,3,24
904,10,18
904,10,12
905,1,6
905,4,4
906,11,13
906,7,5
906,1,8
906,1,5
906,5,5
907,10,16
907,5,3
907,6,3
907,3,3
907,3,23
908,10,14
908,5,3
909,9,18
909,10,13
909,10,18
910,10,12
911,3,2
911,10,16
912,2,22
912,9,16
912,9,14
912,5,2
913,1,10
913,1,5
914,6,4
914,3,4
914,3,22
914,4,22
914,10,13
914,10,15
915,7,25
915,10,11
915,10,18
916,8,24
916,10,14
917,8,25
917,6,24
917,5,24
918,9,17
919,10,16
920,1,1
920,1,22
920,2,1
920,2,22
920,10,16
921,12,23
921,4,3
921,4,23
922,10,11
922,10,15
922,7,2
922,5,2
923,10,12
923,10,18
923,4,3
924,9,12
924,9,15
924,5,4
924,10,15
925,1,7
926,6,5
926,1,25
926,3,25
926,12,25
927,3,2
927,3,25
927,12,2
928,2,24
928,2,3
928,10,13
928,9,13
929,9,12
929,9,15
929,10,15
929,10,12
929,4,25
929,5,25
930,7,2
930,8,6
930,10,15
930,10,13
930,5,2
931,1,8
931,4,8
931,11,11
931,10,11
931,10,18
932,11,12
932,12,9
932,12,24
933,3,3
933,10,17
933,2,3
933,2,10
934,2,25
934,2,4
935,11,14
936,10,15
936,10,13
936,1,2
936,1,9
936,2,9
937,5,1
937,2,1
938,1,1
939,6,3
940,12,3
940,12,10
940,4,10
940,9,16
941,7,24
941,3,24
941,8,22
941,10,17
941,10,14
942,3,7
942,3,4
942,5,4
942,9,15
943,5,24
943,11,14
944,3,22
944,3,2
944,10,12
944,10,18
944,1,22
944,1,2
945,11,11
945,5,3
945,10,16
945,10,11
945,2,3
946,4,3
946,11,13
946,8,23
947,11,11
947,7,24
947,12,24
948,5,3
948,1,3
948,1,23
948,6,3
948,8,23
949,3,23
949,3,1
950,11,14
950,7,4
950,1,7
950,10,16
950,10,14
951,8,9
951,1,1
951,1,9
952,8,22
952,3,22
952,3,4
952,12,4
952,12,22
952,11,12
953,5,1
953,10,11
953,12,24
954,8,7
954,7,25
955,9,11
956,11,14
956,10,16
957,11,14
957,3,2
957,7,2
958,10,12
959,4,23
959,8,23
960,12,22
960,1,22
961,2,25
961,2,2
961,9,13
961,5,2
962,11,13
962,10,13
963,7,3
963,9,14
963,6,3
963,10,18
964,1,25
964,10,15
965,10,17
965,2,6
965,2,25
965,5,25
965,1,25
965,1,6
966,10,14
966,1,2
966,1,9
966,3,2
966,3,9
967,8,23
968,4,4
969,12,8
969,11,14
969,5,3
970,10,13
970,11,13
971,8,9
972,8,6
972,3,6
972,3,24
973,8,8
973,2,25
973,5,25
974,7,4
974,10,16
974,3,4
974,2,4
975,5,5
975,9,12
975,9,18
976,3,9
976,5,1
977,3,24
978,1,24
978,11,12
978,6,4
978,3,24
978,3,4
979,7,5
979,8,24
979,9,16
979,4,24
980,10,12
980,3,5
980,3,23
981,1,3
981,10,14
981,10,17
981,5,3
981,12,3
981,12,23
982,4,5
982,4,7
982,12,7
982,12,5
982,10,11
982,10,16
982,8,7
983,8,10
983,7,24
984,10,13
984,10,17
984,12,1
984,2,25
985,12,2
985,3,25
985,3,2
985,9,15
986,12,24
987,8,8
987,11,11
988,6,24
989,8,10
989,7,24
989,5,24
989,12,10
989,12,24
990,2,9
990,9,16
990,9,11
990,8,9
991,8,25
991,10,13
991,10,15
992,8,9
993,10,18
993,10,14
994,1,4
994,1,10
995,2,8
995,2,25
995,8,8
996,11,14
996,8,9
997,5,24
997,11,11
998,11,11
998,1,25
998,3,25
998,7,3
999,9,16
999,9,11
999,1,9
999,1,4
1000,10,11
1000,2,25
1000,2,1
1000,9,18
1000,9,11
1001,1,23
1001,1,1
1001,10,16
1001,10,12
1001,5,1
1002,9,15
1003,10,18
1003,12,3
1004,9,12
1004,2,9
1004,4,9
1004,4,24
1004,3,9
1004,3,24
1005,2,2
1005,2,6
1005,10,14
1005,12,6
1005,12,2
1005,5,2
1006,7,4
1007,9,12
1008,1,4
1008,3,4
1008,9,13
1008,9,18
1009,11,12
1009,9,12
1009,1,10
1009,10,16
1010,3,24
1010,3,7
1010,2,24
1010,7,24
1010,9,18
1010,9,14
1011,5,25
1011,4,25
1011,2,9
1011,2,25
1012,7,1
1012,8,24
1012,11,13
1012,3,24
1013,6,3
1014,5,4
1014,11,14
1014,1,4
1014,7,4
1015,10,18
1015,5,1
1015,3,1
1015,11,12
1016,1,10
1016,1,4
1017,9,16
1017,9,13
1018,7,24
1019,3,2
1019,7,2
1020,1,5
1020,1,6
1020,5,5
1020,7,5
1020,2,6
1020,2,5
1021,7,3
1021,9,16
1021,9,11
1021,10,16
1021,10,11
1021,2,3
1022,7,4
1023,1,9
1023,1,4
1023,10,16
1023,9,12
1023,9,16
1023,5,4
1024,3,25
1025,8,22
1025,1,22
1025,10,15
1025,10,14
1026,12,22
1026,5,4
1026,6,4
1026,3,4
1027,6,25
1027,10,11
1027,10,17
1028,4,25
1028,4,23
1028,1,23
1028,1,25
1028,3,25
1028,3,23
1029,11,14
1029,1,4
1029,1,25
1030,5,3
1031,1,2
1031,1,9
1031,2,2
1031,2,9
1031,12,9
1031,12,2
1031,4,2
1032,8,24
1032,12,1
1032,1,24
1033,12,6
1033,2,24
1033,7,24
1034,8,22
1034,10,12
1034,10,18
1034,12,25
1034,12,22
1034,6,25
1035,6,1
1035,9,14
1035,9,16
1036,6,2
1036,10,12
1036,10,15
1037,4,9
1037,4,24
1038,12,8
1039,2,25
1039,2,10
1039,7,25
1039,6,25
1039,8,10
1040,8,9
1041,9,12
1041,9,15
1042,1,9
1043,8,8
1043,4,8
1043,4,2
1043,6,2
1043,10,15
1044,2,5
1044,2,22
1044,12,22
1045,1,25
1045,1,24
1045,11,12
1046,9,13
1046,1,5
1046,5,5
1046,6,5
1047,9,11
1047,3,23
1047,8,23
1047,11,11
1048,4,24
1048,6,5
1048,9,18
1049,7,3
1049,6,3
1049,9,15
1049,9,13
1049,12,10
1049,12,3
1050,9,15
1050,12,25
1050,2,25
1050,2,3
1051,7,2
1051,12,23
1051,4,23
1051,4,2
1052,3,23
1053,10,11
1053,10,15
1053,12,2
1053,12,23
1054,5,24
1054,3,24
1054,1,24
1055,5,4
1055,2,4
1056,10,11
1056,10,15
1057,7,24
1058,4,10
1059,9,12
1059,9,17
1060,5,1
1060,9,16
1060,9,13
1061,6,5
1061,3,6
1061,3,5
1062,10,13
1062,1,10
1062,1,3
1062,6,3
1063,12,24
1063,12,22
1064,1,9
1064,1,1
1065,12,4
1065,12,7
1065,8,7
1066,8,9
1067,10,12
1067,6,3
1067,2,3
1067,2,8
1067,11,12
1068,8,25
1069,7,3
1069,12,3
1070,3,1
1071,10,13
1071,3,24
1071,3,2
1072,5,4
1073,1,9
1073,7,2
1073,2,2
1074,1,24
1074,1,10
1074,11,11
1074,7,24
1074,10,11
1075,12,5
1075,8,8
1076,10,16
1076,11,11
1077,6,25
1077,5,25
1078,12,25
1078,12,23
1078,10,16
1078,10,14
1079,1,24
1079,6,1
1079,8,24
1080,10,15
1080,10,13
1080,7,4
1080,6,4
1081,12,24
1081,1,25
1081,9,12
1081,9,17
1082,4,4
1082,4,23
1082,12,4
1082,12,23
1083,4,24
1083,7,25
1084,4,8
1084,4,3
1084,11,13
1085,2,25
1085,2,24
1085,6,24
1085,9,12
1085,9,15
1086,6,4
1086,7,4
1086,9,17
1086,10,14
1087,9,14
1087,9,18
1087,1,1
1088,11,13
1088,3,2
1088,12,2
1088,4,10
1089,5,24
1089,12,7
1089,12,24
1090,7,5
1090,10,16
1091,1,1
1091,6,1
1091,3,8
1091,3,1
1092,7,24
1092,10,18
1093,10,17
1094,8,24
1094,9,15
1094,9,11
1094,7,2
1095,3,2
1095,3,8
1095,1,8
1095,1,2
1096,9,15
1097,1,5
1097,1,10
1097,7,5
1097,8,10
1098,8,8
1098,3,4
1098,7,4
1098,4,8
1098,4,4
1099,8,25
1099,11,11
1099,5,3
1099,10,16
1099,10,11
1100,8,22
1100,12,22
1101,4,1
1101,11,12
1102,10,15
1102,10,14
1102,1,25
1102,1,9
1103,2,23
1103,4,5
1103,4,23
1103,6,5
1103,3,23
1103,3,5
1104,3,4
1104,3,9
1104,10,17
1104,10,12
1105,11,14
1105,10,18
1105,10,14
1106,9,16
1106,5,24
1106,4,8
1106,4,24
1106,1,8
1106,1,24
1107,11,13
1108,10,18
1108,10,12
1108,6,5
1108,9,18
1109,3,4
1109,7,4
1109,6,4
1110,5,2
1110,2,23
1110,10,18
1110,10,11
1111,2,1
1111,2,22
1111,11,12
1112,8,24
1112,5,2
1113,7,2
1113,5,2
1113,3,2
1113,2,2
1113,2,9
1114,6,24
1114,3,24
1115,11,13
1115,2,10
1115,2,4
1115,1,10
1115,5,4
1116,11,12
1117,1,25
1117,10,16
1117,8,25
1118,2,1
1118,2,22
1118,1,1
1118,1,22
1118,4,1
1118,8,22
1119,6,4
1120,7,3
1120,1,22
1120,1,3
1120,4,22
1120,4,3
1120,10,16
1120,10,12
1121,7,25
1121,2,7
1121,2,25
1122,12,22
1123,10,15
1123,10,13
1123,4,3
1123,5,3
1124,6,5
1125,1,22
1125,3,3
1125,3,22
1126,5,1
1126,6,1
1127,2,25
1127,2,2
1128,9,11
1128,9,16
1128,6,25
1128,3,25
1128,3,7
1129,8,6
1129,11,12
1129,9,17
1129,9,12
1130,2,1
1130,10,17
1130,10,14
1130,5,1
1131,10,16
1131,10,14
1131,9,14
1132,5,25
1132,2,24
1132,2,25
1133,8,24
1134,2,4
1134,2,23
1134,9,13
1134,9,15
1135,7,4
1135,11,14
1136,6,4
1136,12,9
1137,10,17
1137,10,12
1138,8,6
1138,7,24
1138,4,24
1138,9,15
1138,9,11
1139,1,22
1139,1,2
1139,2,22
1139,2,2
1139,7,2
1139,3,22
1139,3,2
1140,9,18
1141,4,22
1142,10,15
1142,10,11
1142,7,24
1143,8,22
1143,11,13
1144,6,2
1144,1,9
1144,1,2
1144,3,9
1144,9,18
1144,9,14
1145,3,22
1145,3,3
1146,1,9
1146,1,2
1147,5,4
1148,9,12
1148,9,15
1149,1,8
1149,2,8
1149,4,8
1149,10,16
1150,1,6
1150,1,5
1150,6,5
1150,3,5
1150,3,6
1150,4,5
1151,8,9
1152,10,16
1153,3,4
1153,3,9
1154,11,11
1155,10,18
1155,2,24
1156,11,13
1156,6,25
1157,9,12
1157,10,16
1157,10,12
1157,12,9
1157,4,24
1157,4,9
1158,5,5
1158,6,5
1158,8,6
1158,4,6
1158,4,5
1159,5,1
1159,9,14
1160,10,14
1160,2,2
1160,11,14
1160,7,2
1161,10,11
1161,7,5
1161,6,5
1162,8,8
1162,7,4
1163,3,25
1163,6,24
1163,9,17
1163,9,14
1163,10,17
1163,10,14
1164,4,9
1164,1,24
1165,10,12
1165,10,17
1165,4,4
1165,6,4
1165,8,8
1166,12,7
1166,1,5
1166,1,7
1166,7,5
1166,10,13
1167,11,13
1167,2,1
1167,2,24
1167,8,24
1168,4,24
1168,4,6
1169,4,25
1169,4,24
1169,6,24
1170,2,7
1171,12,25
1171,12,24
1172,9,15
1173,1,24
1173,1,10
1173,6,24
1173,3,10
1173,3,24
1173,2,24
1173,2,10
1174,12,24
1175,11,12
1176,11,14
1176,2,25
1176,2,24
1176,1,24
1177,10,17
1177,10,11
1177,9,11
1178,7,2
1179,8,10
1179,1,10
1179,1,3
1180,6,24
1181,2,1
1181,2,9
1182,10,13
1182,10,15
1182,4,2
1182,4,6
1183,11,14
1183,10,14
1184,6,4
1184,12,7
1184,1,7
1184,1,4
1184,3,4
1185,4,9
1185,9,12
1186,6,2
1186,8,10
1187,10,17
1188,7,5
1188,8,6
1188,10,18
1188,10,12
1189,11,11
1190,8,8
1190,10,17
1190,10,11
1190,6,1
1190,1,8
1191,9,13
1191,7,5
1192,12,4
1192,12,7
1193,2,24
1193,2,1
1193,11,13
1193,6,1
1193,5,1
1194,12,25
1194,12,9
1194,10,18
1194,1,25
1195,6,4
1196,2,8
1197,8,25
1198,2,10
1198,1,3
1198,1,10
1198,4,3
1198,4,10
1199,3,1
1199,3,8
1200,9,15
1200,9,14
1200,12,1
1200,5,1
1201,7,4
1201,5,4
1201,10,18
1201,10,11
1202,4,23
1203,8,9
1203,7,1
1203,10,18
1203,10,11
1204,8,23
1204,5,3
1204,12,23
1205,3,4
1205,3,25
1205,9,16
1205,9,14
1205,5,4
1206,5,25
1207,7,24
1207,5,24
1207,8,22
1208,8,6
1208,10,15
1208,10,14
1208,1,5
1208,6,5
1209,8,25
1209,2,25
1209,12,24
1209,9,16
1210,1,24
1210,1,6
1211,12,3
1211,12,8
1211,10,17
1211,10,13
1211,4,3
1212,9,12
1212,9,15
1213,6,24
1213,2,25
1213,2,24
1213,9,11
1213,9,17
1213,5,24
1214,1,2
1214,3,2
1214,7,2
1215,3,25
1215,3,5
1215,4,25
1215,12,5
1215,7,5
1216,1,25
1216,5,5
1216,10,14
1217,8,8
1217,9,11
1218,1,24
1218,6,24
1218,7,24
1218,12,24
1218,12,9
1219,9,17
1219,9,13
1219,2,1
1219,2,23
1219,8,23
1220,1,24
1220,1,4
1220,12,4
1220,2,4
1220,2,24
1220,9,14
1220,9,16
1221,5,25
1221,1,6
1221,1,25
1222,8,8
1222,4,8
1222,4,2
1223,10,14
1223,10,18
1223,4,24
1224,1,25
1224,1,24
1225,12,25
1225,12,2
1225,8,25
1226,6,24
1226,1,24
1227,5,3
1228,10,14
1228,10,18
1228,1,24
1228,1,23
1229,3,3
1229,3,23
1229,5,3
1229,11,14
1230,11,11
1230,1,25
1230,1,10
1230,2,25
1230,2,10
1230,10,11
1230,10,17
1231,6,5
1231,1,5
1231,3,5
1231,3,24
1231,10,11
1232,9,13
1232,9,15
1232,4,1
1233,11,12
1233,1,8
1233,1,25
1234,5,24
1234,7,24
1235,11,11
1235,10,11
1235,8,10
1236,12,1
1236,4,8
1236,4,1
1236,6,1
1237,12,23
1237,12,5
1238,7,25
1239,5,3
1239,2,23
1239,2,3
1239,12,3
1239,12,23
1239,7,3
1240,5,4
1240,12,9
1240,10,16
1240,10,13
1241,7,1
1242,3,10
1242,4,10
1242,4,24
1242,5,24
1242,2,24
1243,3,23
1243,4,23
1244,5,1
1244,3,8
1244,3,1
1245,3,24
1246,2,25
1246,8,8
1247,8,22
1247,6,24
1248,5,4
1248,3,4
1249,10,11
1249,10,17
1249,3,9
1249,3,5
1249,12,5
1249,12,9
1250,12,2
1250,6,2
1250,9,13
1250,10,13
1251,3,24
1251,3,6
1251,2,6
1252,5,1
1252,7,1
1252,3,1
1252,1,9
1253,12,10
1254,5,3
1254,8,7
1254,11,13
1254,10,16
1254,10,13
1255,12,5
1255,12,24
1255,6,5
1255,11,11
1256,5,2
1256,10,15
1256,1,2
1257,8,7
1257,9,18
1258,9,18
1258,1,7
1258,12,7
1258,11,13
1259,5,25
1260,2,6
1260,2,3
1260,9,16
1260,9,13
1261,6,3
1261,1,3
1261,1,25
1262,6,5
1262,8,8
1262,4,8
1263,8,6
1264,1,24
1264,1,22
1264,12,22
1264,12,24
1264,3,24
1264,3,22
1264,9,14
1265,5,3
1265,1,3
1265,9,15
1265,8,6
1266,7,1
1266,1,1
1266,1,9
1267,11,12
1267,1,7
1267,5,4
1267,3,7
1267,3,4
1268,2,2
1268,2,10
1268,10,15
1268,10,13
1268,7,2
1269,10,17
1270,10,18
1271,1,9
1271,1,1
1271,6,1
1271,10,16
1271,10,12
1272,10,17
1272,7,1
1272,11,14
1273,1,24
1273,1,23
1273,5,24
1273,10,11
1273,10,18
1274,6,3
1274,10,11
1275,10,15
1275,10,14
1275,8,23
1275,6,5
1276,3,25
1276,12,6
1276,12,25
1276,9,16
1276,9,13
1276,6,25
1277,9,11
1277,9,17
1277,8,9
1277,4,9
1277,4,5
1277,1,9
1277,1,5
1278,6,2
1278,12,2
1278,3,2
1278,3,24
1279,4,9
1279,8,9
1279,6,25
1280,3,1
1280,3,8
1281,10,14
1281,10,15
1281,1,3
1281,1,24
1282,11,12
1282,8,7
1282,3,7
1282,7,2
1283,6,4
1283,10,13
1283,7,4
1283,9,15
1283,9,13
1284,6,3
1284,8,23
1284,7,3
1284,10,13
1285,10,18
1286,4,24
1286,6,24
1286,10,18
1286,10,14
1286,1,24
1287,1,25
1288,6,4
1288,8,10
1288,5,4
1288,3,4
1288,3,10
1289,11,14
1289,7,2
1289,8,22
1289,4,22
1290,5,25
1291,8,9
1291,6,3
1291,10,17
1291,10,13
1292,7,25
1292,2,24
1293,5,24
1293,10,11
1293,9,11
1293,3,25
1294,1,23
1294,1,4
1294,11,14
1294,10,16
1294,7,4
1295,7,4
1295,1,4
1295,1,10
1295,6,4
1295,8,10
1296,5,3
1296,4,3
1296,2,24
1296,2,3
1296,11,12
1297,9,18
1298,11,12
1299,11,14
1299,6,3
1300,10,11
1300,10,15
1300,2,25
1300,7,25
1301,11,14
1301,3,23
1301,8,23
1302,12,24
1302,12,25
1302,2,25
1303,1,1
1303,1,23
1303,8,23
1303,5,1
1304,9,17
1304,8,10
1304,3,10
1304,3,5
1305,11,12
1306,5,2
1306,4,2
1307,7,1
1308,9,11
1308,9,17
1308,11,11
1308,1,24
1308,10,11
1308,10,17
1309,4,9
1309,4,25
1309,8,9
1310,12,24
1310,12,1
1311,8,6
1312,7,2
1312,6,2
1312,11,12
1312,9,12
1312,9,18
1313,8,8
1313,6,4
1313,10,11
1313,10,17
1314,9,14
1314,10,14
1314,10,17
1314,3,7
1314,3,2
1315,5,1
1315,9,13
1315,1,1
1315,10,18
1316,4,24
1317,4,5
1317,10,11
1317,10,17
1317,2,5
1318,7,25
1318,3,25
1318,3,10
1318,12,10
1318,9,15
1319,12,6
1319,12,2
1319,8,6
1319,5,2
1320,11,11
1321,3,10
1321,3,3
1321,8,10
1321,2,10
1321,2,3
1322,10,18
1322,1,25
1322,1,6
1322,5,25
1322,12,6
1322,12,25
1323,10,16
1323,10,14
1323,1,25
1323,7,24
1324,7,1
1325,4,23
1325,3,4
1325,8,23
1325,10,15
1326,3,24
1326,7,2
1326,10,11
1326,10,15
1326,9,11
1327,8,23
1327,10,12
1327,10,16
1327,4,4
1327,4,23
1328,8,9
1328,6,5
1328,10,11
1328,4,5
1328,4,9
1329,9,17
1330,10,17
1330,10,13
1330,2,5
1330,2,10
1330,11,13
1331,9,16
1332,11,13
1333,12,4
1333,12,25
1333,3,4
1333,3,25
1334,4,24
1334,4,22
1335,3,3
1335,10,14
1335,10,15
1335,2,3
1335,7,3
1336,6,2
1336,4,23
1337,7,4
1338,5,24
1338,3,24
1338,3,22
1338,4,24
1339,3,6
1339,11,11
1339,4,5
1339,4,6
1339,1,5
1339,1,6
1340,2,9
1340,9,16
1340,4,2
1340,4,9
1341,1,25
1342,5,25
1342,3,9
1342,8,9
1343,12,25
1343,12,10
1343,3,25
1343,3,10
1343,4,25
1343,2,25
1344,11,13
1345,2,10
1345,2,1
1345,7,1
1345,10,18
1345,10,12
1346,3,1
1346,3,6
1347,3,23
1347,3,3
1347,10,13
1347,10,17
1347,6,3
1347,11,13
1348,4,25
1348,3,25
1348,11,13
1349,4,9
1349,2,9
1349,7,24
1350,11,14
1351,10,16
1351,10,11
1352,12,23
1352,12,1
1352,6,1
1352,10,12
1352,10,17
1353,6,1
1353,11,12
1354,4,24
1354,6,2
1354,9,11
1354,7,2
1355,3,25
1355,10,17
1356,10,15
1356,4,7
1356,4,3
1356,3,3
1356,3,7
1357,7,1
1357,8,6
1357,12,6
1357,12,1
1358,1,3
1358,3,3
1358,9,16
1359,1,25
1359,1,22
1359,9,13
1359,10,13
1359,10,18
1360,2,5
1360,2,23
1361,4,8
1361,9,11
1361,9,16
1361,12,25
1361,12,8
1361,10,11
1362,1,3
1362,1,7
1362,5,3
1362,7,3
1362,11,14
1363,12,4
1364,5,5
1364,8,24
1365,10,18
1365,11,13
1365,6,24
1365,3,9
1365,3,24
1366,5,4
1366,11,13
1367,5,3
1367,6,3
1367,4,24
1368,4,5
1368,1,5
1368,1,23
1368,7,5
1369,8,10
1370,1,5
1370,1,9
1370,10,17
1370,10,14
1371,4,25
1372,8,9
1372,10,11
1372,1,2
1373,2,2
1373,2,7
1373,10,16
1373,1,7
1373,1,2
1373,9,16
1374,4,9
1374,4,2
1375,8,7
1376,7,3
1377,10,16
1377,10,13
1378,8,6
1378,6,5
1378,10,18
1378,10,12
1379,9,18
1379,9,11
1379,4,23
1379,4,5
1379,1,5
1379,1,23
1380,10,15
1380,4,25
1380,7,1
1380,12,1
1380,12,25
1381,8,22
1381,4,22
1381,5,24
1381,3,24
1381,3,22
1382,9,18
1382,5,2
1382,10,18
1382,10,12
1383,9,15
1383,9,11
1383,1,4
1383,12,4
1384,7,4
1384,8,24
1385,6,1
1386,12,10
1387,7,2
1388,7,1
1388,11,13
1389,2,22
1389,6,25
1390,10,12
1390,10,17
1390,1,25
1391,1,3
1391,1,10
1392,10,15
1393,9,13
1393,9,18
1393,10,13
1393,2,25
1393,2,24
1394,5,5
1394,6,5
1394,9,13
1394,9,18
1395,5,5
1395,8,10
1395,4,10
1395,12,10
1395,12,5
1396,6,4
1396,1,4
1396,3,4
1396,3,9
1396,10,14
1396,10,17
1397,10,12
1397,11,12
1398,2,2
1398,2,10
1399,7,4
1399,10,17
1399,10,12
1399,6,4
1400,2,6
1400,2,25
1400,11,14
1400,7,25
1401,6,1
1401,10,14
1402,12,24
1403,9,16
1403,9,11
1404,5,24
1404,2,25
1404,2,24
1405,3,10
1405,10,18
1405,10,12
1405,1,2
1405,1,10
1406,12,1
1406,6,1
1407,4,24
1407,12,3
1407,2,3
1407,2,24
1407,11,14
1408,5,25
1409,3,5
1409,12,5
1409,9,14
1409,9,18
1410,2,25
1410,2,22
1410,1,25
1410,12,22
1410,12,25
1411,10,11
1411,7,5
1411,4,5
1411,9,11
1412,10,18
1412,1,10
1413,10,11
1413,10,17
1413,3,25
1413,3,5
1414,1,3
1414,1,7
1414,5,3
1415,4,4
1415,4,8
1416,8,7
1416,12,7
1416,12,25
1417,2,1
1417,2,25
1417,10,14
1417,10,17
1418,10,17
1418,10,12
1418,1,22
1418,1,3
1418,8,22
1419,8,23
1420,10,11
1420,10,16
1420,12,24
1420,12,4
1421,11,12
1421,4,4
1421,12,10
1421,12,4
1422,7,3
1423,5,3
1424,9,14
1424,6,2
1425,10,17
1425,2,3
1425,2,23
1425,8,23
1426,2,1
1426,2,24
1426,4,1
1426,4,24
1426,5,1
1427,12,25
1427,9,14
1427,9,16
1427,10,16
1427,10,14
1428,10,14
1428,8,24
1428,5,2
1429,12,3
1430,5,1
1430,10,17
1430,11,12
1430,3,1
1431,7,5
1431,1,7
1431,9,17
1431,9,14
1432,1,3
1432,1,9
1432,9,16
1432,2,9
1432,7,3
1433,7,24
1434,11,13
1435,11,13
1435,10,13
1435,10,18
1435,3,5
1435,3,25
1435,1,5
1436,4,25
1436,4,7
1436,1,25
1437,9,17
1438,5,24
1438,11,13
1438,7,24
1439,4,8
1439,4,25
1439,5,25
1440,6,5
1440,12,6
1441,2,5
1441,2,25
1441,3,5
1441,6,5
1442,11,13
1442,10,13
1442,10,15
1443,10,13
1443,4,3
1443,9,16
1443,6,3
1444,10,14
1444,10,18
1444,8,24
1444,5,5
1445,10,13
1445,10,16
1446,3,7
1446,12,2
1446,12,7
1446,1,7
1447,12,1
1447,12,10
1447,7,1
1447,11,13
1448,7,24
1448,12,8
1448,12,24
1449,5,3
1449,6,3
1450,5,25
1450,10,16
1450,10,11
1450,1,25
1450,2,24
1450,2,25
1451,1,1
1451,7,1
1452,9,16
1452,9,12
1453,7,3
1453,10,15
1454,10,15
1454,10,11
1454,5,4
1455,11,14
1455,7,25
1455,8,23
1456,10,16
1456,10,14
1456,7,2
1457,4,22
1457,4,3
1458,6,1
1458,10,14
1458,10,16
1459,4,8
1459,4,24
1459,5,24
1459,1,8
1459,9,17
1460,3,9
1460,3,5
1460,6,5
1461,1,9
1461,1,5
1461,4,5
1462,10,15
1463,11,11
1463,2,25
1463,2,2
1464,7,24
1465,8,6
1465,10,13
1465,10,16
1466,10,14
1466,2,25
1466,2,3
1466,1,25
1466,1,3
1467,7,5
1467,6,5
1468,11,13
1469,7,5
1469,2,5
1469,2,8
1470,3,6
1470,4,6
1471,10,15
1472,10,13
1473,8,22
1473,6,3
1473,7,3
1473,10,11
1473,10,15
1474,10,17
1474,12,10
1474,12,5
1475,2,8
1475,2,24
1475,3,8
1475,3,24
1475,8,8
1475,9,11
1476,5,1
1476,7,1
1476,1,9
1477,2,24
1477,4,24
1477,12,24
1477,10,12
1478,4,1
1478,4,24
1478,9,11
1478,9,15
1479,7,2
1479,12,2
1480,3,2
1481,8,9
1481,9,15
1481,12,9
1482,8,23
1482,1,23
1482,9,12
1482,12,23
1482,12,1
1483,10,12
1483,8,8
1483,1,24
1484,10,18
1485,6,3
1485,1,24
1485,1,3
1485,3,24
1485,3,3
1485,2,3
1486,10,16
1486,10,11
1487,7,25
1487,4,8
1487,11,12
1487,6,25
1488,3,24
1488,4,8
1489,10,11
1489,10,17
1489,2,25
1489,2,6
1489,1,6
1489,1,25
1489,9,17
1490,3,9
1490,9,15
1490,7,25
1490,11,13
1491,11,13
1491,10,13
1491,8,22
1492,2,23
1492,2,2
1492,4,23
1492,4,2
1493,4,3
1493,8,8
1493,10,13
1494,4,22
1494,10,18
1495,3,5
1495,3,6
1496,2,4
1496,12,9
1496,12,4
1497,7,1
1497,1,1
1497,1,25
1498,5,1
1498,10,15
1498,10,11
1498,9,11
1498,9,15
1499,3,3
1499,3,7
1499,8,7
1499,5,3
1499,6,3
1500,2,10
1500,2,1
1501,11,13
1501,2,8
1501,2,24
1501,8,8
1501,9,13
1502,10,13
1502,12,8
1502,12,4
1502,7,4
1503,7,2
1503,2,7
1503,8,7
1504,7,5
1504,10,16
1504,6,5
1504,4,23
1504,4,5
1505,12,4
1505,12,24
1506,8,24
1506,3,24
1507,1,6
1507,1,2
1507,12,6
1507,7,2
1507,11,11
1508,5,24
1508,10,14
1508,7,24
1509,1,9
1509,10,11
1509,10,18
1510,8,10
1510,10,11
1510,10,15
1511,2,24
1511,7,24
1512,12,23
1512,12,1
1512,1,23
1512,10,12
1512,10,15
1512,8,23
1513,7,3
1514,3,24
1514,3,9
1514,6,24
1514,10,18
1514,10,14
1514,11,14
1515,7,4
1515,4,25
1516,1,24
1516,10,14
1516,10,17
1517,8,23
1517,1,23
1517,1,1
1517,11,11
1518,3,24
1518,3,5
1518,9,15
1518,9,13
1518,8,24
1518,11,13
1519,9,13
1519,9,18
1519,10,18
1519,2,1
1519,2,22
1519,7,1
1520,1,5
1520,1,23
1521,12,9
1521,12,1
1521,2,9
1521,10,17
1521,10,13
1521,9,13
1522,12,8
1522,12,2
1522,10,15
1522,10,13
1522,7,2
1522,3,8
1522,3,2
1523,12,9
1523,11,13
1524,11,11
1524,10,11
1524,10,16
1524,12,4
1524,9,16
1525,12,4
1525,12,6
1525,1,6
1525,1,4
1525,4,6
1526,1,8
1526,7,2
1526,10,17
1527,3,10
1527,3,5
1527,7,5
1528,6,2
1529,1,1
1529,1,22
1530,8,23
1530,11,13
1530,4,23
1530,4,2
1530,7,2
1531,12,7
1531,5,1
1531,11,13
1531,1,1
1531,1,7
1532,4,10
1533,1,3
1533,2,3
1533,12,22
1533,7,3
1534,1,25
1534,12,25
1534,12,2
1534,6,2
1535,10,18
1535,4,25
1535,4,8
1536,10,14
1536,10,18
1537,6,1
1538,5,5
1538,7,5
1539,10,13
1539,10,16
1539,7,3
1539,11,13
1539,3,10
1539,3,3
1540,5,1
1540,3,1
1541,1,3
1541,1,9
1542,3,10
1542,3,2
1542,6,2
1542,1,2
1542,1,10
1542,10,16
1543,12,25
1543,10,18
1543,3,24
1543,7,25
1544,3,1
1544,7,1
1545,5,4
1545,1,4
1545,1,8
1545,3,4
1545,7,4
1546,10,14
1546,5,3
1547,8,6
1548,4,22
1548,5,24
1548,2,24
1548,2,22
1549,7,5
1550,10,15
1550,12,23
1550,12,5
1550,6,5
1551,7,5
1551,6,5
1552,8,23
1553,2,25
1553,10,14
1554,9,12
1554,9,16
1555,10,12
1556,1,4
1556,1,8
1556,2,4
1557,12,1
1557,12,7
1558,12,23
1558,12,3
1559,10,17
1559,4,25
1559,8,25
1560,3,23
1560,11,11
1560,1,23
1560,1,4
1560,2,4
1561,4,5
1562,9,15
1562,2,25
1562,2,4
1563,5,4
1563,7,4
1564,7,1
1564,11,11
1564,2,7
1564,2,1
1564,4,7
1565,6,4
1566,9,11
1566,12,7
1566,12,1
1566,4,1
1566,7,1
1567,4,3
1567,7,3
1568,10,14
1568,12,2
1568,5,2
1569,1,4
1569,12,4
1569,12,6
1569,3,4
1570,5,2
1570,7,2
1570,6,2
1571,10,14
1571,10,18
1571,4,22
1571,1,22
1572,11,12
1572,10,12
1572,10,17
1572,7,3
1572,4,8
1573,9,18
1573,9,11
1574,10,17
1574,10,14
1574,11,14
1574,3,24
1574,12,2
1574,12,24
1575,5,25
1575,12,10
1575,12,25
1575,10,15
1576,6,2
1577,12,8
1577,12,5
1577,7,5
1578,7,3
1578,1,24
1578,10,14
1578,10,15
1579,1,6
1579,1,1
1579,11,12
1579,5,1
1580,7,2
1580,10,15
1581,9,17
1581,9,11
1581,10,11
1581,10,17
1581,11,11
1582,10,17
1583,11,14
1584,9,13
1585,12,4
1585,2,4
1585,8,22
1585,4,22
1586,9,12
1587,7,25
1587,10,12
1587,10,17
1588,11,11
1589,4,25
1589,4,23
1590,12,6
1590,10,15
1590,10,14
1591,3,4
1591,3,23
1591,2,23
1591,5,4
1591,1,23
1591,1,4
1592,12,24
1592,12,2
1592,7,2
1593,4,7
1593,1,3
1594,6,3
1594,10,12
1594,4,22
1594,4,3
1594,2,22
1594,2,3
1595,9,13
1595,3,7
1595,3,1
1595,12,7
1595,7,1
1596,7,25
1596,9,16
1596,9,13
1596,10,13
1596,11,13
1597,12,23
1597,4,23
1597,4,2
1598,6,3
1598,11,12
1599,9,13
1599,12,2
1600,1,24
1600,1,6
1600,11,14
1600,4,24
1600,4,6
1601,11,12
1601,3,9
1602,3,3
1602,3,22
1602,8,22
1602,10,12
1602,10,16
1603,4,24
1603,7,25
1603,10,17
1603,10,14
1604,6,2
1605,6,24
1605,3,9
1605,3,24
1605,10,11
1605,10,17
1606,7,5
1606,10,12
1606,6,5
1607,9,11
1607,9,17
1608,12,7
1608,12,3
1608,10,11
1608,10,17
1608,9,17
1608,9,11
1609,8,9
1609,2,9
1609,2,4
1609,4,9
1609,5,4
1610,12,3
1610,12,10
1610,4,10
1610,10,13
1611,6,5
1611,3,22
1611,5,5
1612,10,15
1613,12,10
1613,12,4
1613,3,4
1613,2,4
1614,10,12
1615,2,6
1615,2,1
1615,11,13
1616,11,12
1617,9,11
1617,11,11
1618,3,9
1618,10,11
1618,10,16
1619,4,1
1619,4,23
1619,2,1
1619,2,23
1619,7,1
1620,11,13
1620,9,13
1620,10,13
1620,10,17
1621,1,25
1621,2,2
1621,2,25
1621,5,2
1622,12,8
1623,5,3
1623,12,3
1623,12,8
1624,3,4
1624,8,6
1624,12,4
1624,6,4
1625,12,1
1625,12,7
1625,5,1
1626,6,24
1626,11,13
1626,5,24
1627,10,11
1627,10,18
1628,5,25
1629,10,14
1629,8,23
1629,6,4
1629,4,4
1630,11,13
1630,7,1
1631,10,17
1631,10,14
1631,2,7
1632,4,22
1632,4,1
1633,5,2
1633,9,16
1633,9,12
1633,6,2
1634,4,1
1634,6,1
1634,10,13
1634,10,17
1635,10,11
1635,3,4
1635,12,4
1635,2,4
1635,2,9
1636,9,18
1636,7,24
1636,5,24
1637,1,7
1637,1,25
1637,10,18
1637,10,14
1637,11,14
1638,9,13
1638,6,2
1638,11,13
1638,12,7
1638,12,2
1639,4,1
1639,4,9
1639,9,15
1639,1,9
1639,1,1
1640,10,18
1640,4,4
1640,9,18
1641,10,11
1641,10,16
1642,1,25
1642,10,14
1642,4,24
1643,7,3
1643,12,10
1643,12,3
1644,10,17
1644,10,12
1644,1,1
1644,4,1
1644,4,10
1644,9,17
1645,10,13
1645,8,23
1646,11,11
1646,1,25
1646,1,22
1646,7,25
1646,10,11
1646,10,18
1647,4,22
1647,5,25
1648,10,18
1648,10,12
1648,8,8
1649,11,14
1649,1,24
1649,7,1
1649,12,24
1649,12,1
1650,9,17
1650,9,11
1650,2,8
1650,2,4
1650,5,4
1651,7,4
1651,8,25
1652,2,9
1652,2,25
1652,1,9
1652,1,25
1652,3,25
1652,3,9
1652,10,12
1652,10,15
1653,10,18
1653,10,11
1653,5,3
1654,9,11
1654,9,15
1654,10,15
1654,12,25
1655,10,12
1655,10,17
1655,8,25
1656,10,18
1656,6,4
1656,4,4
1657,9,12
1657,9,17
1657,2,8
1657,2,5
1657,5,5
1657,8,8
1658,2,22
1658,12,3
1658,10,15
1659,1,9
1659,9,13
1659,2,5
1660,6,25
1660,10,16
1661,4,24
1661,7,24
1661,9,12
1662,4,2
1662,12,2
1662,12,8
1663,6,4
1663,12,10
1663,12,4
1663,1,10
1663,1,4
1663,3,10
1663,3,4
1664,7,1
1664,4,25
1664,1,25
1665,10,16
1665,8,7
1665,4,7
1665,4,24
1666,9,13
1667,8,8
1667,10,14
1667,10,16
1668,10,17
1668,5,5
1668,3,5
1669,6,1
1669,7,1
1669,1,1
1669,1,25
1670,2,24
1670,6,24
1671,10,18
1672,3,23
1672,3,24
1672,10,11
1673,12,4
1673,12,23
1673,10,12
1673,1,23
1673,1,4
1674,4,25
1674,11,14
1675,8,6
1675,7,25
1675,1,25
1675,2,6
1675,2,25
1676,6,1
1676,9,12
1676,11,12
1677,10,11
1677,9,17
1677,9,11
1678,11,11
1678,9,11
1678,9,17
1679,9,14
1679,2,10
1679,2,1
1680,1,1
1680,1,23
1680,5,1
1680,11,13
1680,2,23
1680,2,1
1681,9,12
1681,9,16
1681,11,12
1681,4,5
1681,4,22
1682,3,24
1682,1,10
1682,1,24
1682,11,12
1683,8,23
1684,2,22
1684,10,12
1684,10,15
1685,6,1
1685,10,15
1685,11,14
1686,11,11
1686,7,2
1686,10,11
1686,10,16
1686,2,7
1687,10,16
1687,10,13
1687,5,3
1687,9,16
1687,9,13
1688,8,9
1689,11,14
1689,10,17
1689,10,14
1689,8,22
1689,2,22
1690,12,9
1690,12,4
1690,9,17
1690,9,12
1691,2,25
1691,5,24
1692,4,24
1693,8,22
1694,11,12
1694,10,16
1695,9,15
1695,9,14
1696,6,24
1696,12,24
1696,11,11
1697,7,3
1697,3,3
1697,12,9
1697,2,3
1697,2,9
1698,4,1
1698,6,1
1698,12,1
1698,8,6
1699,10,12
1699,6,24
1700,12,4
1700,12,25
1700,9,16
1700,5,4
1700,10,16
1701,10,15
1702,4,25
1702,4,23
1702,10,15
1702,10,11
1703,2,23
1703,2,4
1704,12,23
1704,12,4
1704,2,4
1704,4,23
1705,9,12
1705,12,24
1705,12,22
1706,4,22
1706,12,22
1706,12,2
1706,1,2
1707,10,12
1708,10,12
1708,10,18
1709,11,11
1709,10,15
1710,2,24
1710,5,24
1710,3,23
1710,1,24
1711,1,2
1711,1,9
1711,5,2
1711,8,9
1711,6,2
1712,1,24
1712,1,10
1712,5,24
1712,8,10
1712,7,24
1713,3,7
1713,3,4
1714,12,1
1714,12,10
1715,4,3
1715,4,9
1716,4,3
1716,4,9
1716,6,3
1717,6,25
1718,9,14
1718,9,17
1718,2,25
1718,2,10
1719,11,11
1720,8,6
1721,3,3
1721,8,24
1722,11,14
1723,9,12
1724,10,13
1724,6,4
1724,2,4
1724,2,23
1725,8,6
1725,4,6
1725,1,1
1725,1,6
1725,10,18
1725,10,14
1726,2,5
1726,2,10
1726,11,11
1726,6,5
1727,5,25
1727,4,7
1727,4,25
1727,11,13
1727,7,25
1728,4,5
1728,4,25
1728,10,18
1728,10,13
1728,7,5
1729,11,14
1730,5,5
1730,7,5
1731,3,6
1732,3,3
1732,3,25
1732,7,3
1732,12,25
1733,5,1
1734,4,3
1734,2,3
1734,2,10
1734,11,11
1734,10,11
1734,10,17
1735,11,14
1736,5,5
1736,2,5
1736,2,6
1736,1,5
1737,10,13
1737,10,18
1737,2,2
1738,7,3
1739,2,24
1739,1,7
1739,1,24
1739,10,11
1739,10,18
1740,6,24
1740,8,6
1740,1,6
1740,1,24
1740,10,18
1740,10,11
1741,4,24
1741,6,24
1741,10,15
1741,10,13
1742,8,9
1742,2,9
1742,2,25
1742,10,13
1743,3,6
1743,3,5
1743,6,5
1743,9,11
1743,9,15
1743,1,6
1743,1,5
1744,4,7
1744,4,24
1744,9,14
1744,9,16
1745,2,8
1745,2,3
1745,9,14
1745,1,3
1745,1,8
1745,4,3
1746,4,24
1746,9,12
1747,8,9
1747,7,2
1747,3,9
1748,1,24
1748,2,1
1748,2,24
1749,6,3
1749,9,18
1749,2,8
1749,2,3
1749,7,3
1750,3,6
1750,3,4
1750,5,4
1750,10,15
1750,10,12
1751,11,12
1751,10,17
1751,12,7
1752,5,5
1752,2,5
1752,2,23
1753,2,22
1753,2,1
1754,4,2
1754,8,8
1755,6,25
1755,3,25
1755,10,14
1755,7,25
1756,1,9
1756,1,2
1756,10,12
1756,10,15
1756,4,2
1756,4,9
1756,8,9
1757,10,11
1757,1,3
1757,1,8
1757,9,11
1757,12,3
1757,12,8
1758,5,5
1759,6,5
1759,10,15
1759,10,12
1759,3,8
1759,3,5
1760,11,11
1760,3,3
1760,3,6
1761,3,24
1762,3,23
1762,10,11
1762,10,17
1762,7,1
1763,11,12
1763,6,5
1763,10,12
1764,7,3
1764,3,3
1764,9,14
1764,9,16
1765,2,8
1765,2,3
1765,9,15
1765,9,11
1765,12,8
1765,12,3
1765,4,8
1766,8,24
1766,1,25
1766,1,24
1766,10,17
1766,10,12
1767,12,1
1767,12,6
1768,5,2
1769,3,25
1769,3,22
1769,10,16
1769,10,12
1769,5,25
1770,9,15
1770,11,14
1771,9,13
1771,9,18
1771,10,18
1771,10,13
1771,11,13
1771,8,7
1772,10,13
1773,12,6
1773,12,3
1773,10,18
1773,10,14
1774,2,22
1775,7,2
1775,2,2
1775,10,14
1776,10,16
1777,8,8
1777,2,8
1777,1,8
1778,4,3
1778,4,9
1778,10,17
1778,6,3
1779,7,4
1780,1,1
1781,6,1
1781,9,14
1782,6,24
1782,9,17
1782,9,11
1782,3,24
1782,3,22
1783,1,25
1783,10,11
1783,7,5
1784,1,6
1784,1,1
1784,11,14
1785,12,9
1785,12,25
1785,11,12
1785,9,12
1785,9,18
1785,8,9
1786,10,18
1786,10,12
1786,4,2
1786,4,6
1787,11,11
1787,8,7
1788,12,1
1788,12,25
1789,4,24
1789,2,2
1789,3,2
1789,3,24
1789,10,11
1789,10,16
1790,10,17
1790,10,11
1790,11,11
1790,6,24
1790,12,7
1790,12,24
1791,4,2
1791,6,2
1792,2,4
1792,2,22
1793,5,1
1793,11,11
1794,1,9
1794,9,13
1794,3,25
1794,3,9
1795,7,1
1795,10,15
1795,10,11
1795,11,11
1796,10,12
1796,3,24
1797,2,24
1797,2,25
1797,10,16
1797,10,13
1798,4,25
1798,4,24
1798,1,24
1798,10,16
1798,10,12
1799,7,3
1800,9,17
1800,7,25
1800,10,17
1800,10,11
1800,4,25
1800,4,24
1801,2,5
1801,2,24
1801,6,5
1801,10,17
1802,1,3
1802,10,18
1803,6,24
1803,9,11
1803,10,16
1803,2,9
1803,2,24
1804,1,25
1804,5,3
1804,9,15
1804,9,11
1805,3,25
1805,5,25
1805,10,18
1805,10,14
1806,8,22
1806,10,13
1806,10,15
1807,9,12
1807,9,18
1807,12,5
1807,12,10
1808,11,12
1808,4,9
1808,4,1
1809,3,24
1809,3,23
1809,9,15
1809,9,14
1809,4,24
1809,4,23
1809,6,24
1810,11,11
1810,12,23
1810,4,23
1810,4,25
1811,1,1
1811,10,16
1811,10,13
1811,3,24
1812,5,24
1812,7,24
1812,6,24
1812,2,8
1812,2,24
1813,7,25
1814,6,24
1815,9,13
1815,9,17
1816,4,8
1816,4,24
1816,9,17
1816,11,13
1817,12,4
1817,3,6
1817,3,4
1817,10,12
1818,6,2
1818,7,2
1818,9,12
1818,9,17
1818,12,2
1818,12,10
1819,11,14
1820,9,13
1820,7,24
1820,6,24
1820,2,8
1820,2,24
1821,10,11
1821,10,18
1822,12,3
1822,12,24
1822,9,16
1822,11,14
1822,3,3
1823,6,25
1823,8,24
1823,2,25
1823,2,24
1824,12,25
1825,11,11
1825,10,16
1825,10,11
1825,9,16
1825,2,22
1826,11,13
1826,12,1
1826,12,7
1827,6,4
1827,2,9
1827,2,4
1827,1,4
1827,5,4
1828,11,11
1829,8,23
1830,5,3
1830,1,23
1830,1,3
1831,5,5
1831,4,8
1831,2,5
1831,6,5
1832,1,2
1832,1,8
1832,11,11
1832,10,11
1832,10,15
1833,4,5
1833,4,6
1833,5,5
1834,2,25
1834,9,17
1835,11,14
1836,4,25
1836,9,13
1836,8,25
1837,4,5
1837,9,15
1837,9,13
1837,10,13
1837,10,15
1838,3,2
1838,3,24
1838,8,24
1838,10,16
1838,7,2
1839,10,14
1840,5,5
1841,4,10
1841,4,2
1841,8,10
1842,10,15
1842,8,22
1842,1,24
1842,1,22
1843,3,1
1844,9,15
1844,1,10
1844,1,3
1845,1,22
1845,1,25
1845,10,16
1846,11,11
1846,7,4
1846,6,4
1846,1,24
1847,1,23
1847,1,5
1847,10,14
1847,3,5
1847,3,23
1847,2,23
1847,2,5
